AvgSa(0.6s) (g),DS1|Und,DS2|Und,DS3|Und,DS4|Und,DS2|DS1,DS3|DS1,DS4|DS1,DS3|DS2,DS4|DS2,DS4|DS3
0.001,8.038810637116438e-13,8.038810637116438e-13,8.038810637116438e-13,8.038810637116438e-13,8.265189150906023e-13,8.265189150906023e-13,8.265189150906023e-13,9.121055620605125e-13,9.121055620605125e-13,1.0932011222204525e-11
0.0010473708979594498,9.537362351610666e-13,9.537362351610666e-13,9.537362351610666e-13,9.537362351610666e-13,9.80594112676695e-13,9.80594112676695e-13,9.80594112676695e-13,1.082135348082345e-12,1.082135348082345e-12,1.112516795336032e-11
0.001096985797892384,1.1315265992948752e-12,1.1315265992948752e-12,1.1315265992948752e-12,1.1315265992948752e-12,1.1633911774551036e-12,1.1633911774551036e-12,1.1633911774551036e-12,1.2838611696074064e-12,1.2838611696074064e-12,1.1354331920375447e-11
0.0011489510001873086,1.3424596840399462e-12,1.3424596840399462e-12,1.3424596840399462e-12,1.3424596840399462e-12,1.3802642849708426e-12,1.3802642849708426e-12,1.3802642849708426e-12,1.5231916305934036e-12,1.5231916305934036e-12,1.1626215397921692e-11
0.0012033778407775893,1.592713776587874e-12,1.592713776587874e-12,1.592713776587874e-12,1.592713776587874e-12,1.6375657072915438e-12,1.6375657072915438e-12,1.6375657072915438e-12,1.807136785074551e-12,1.807136785074551e-12,1.1948781926706558e-11
0.0012603829296797275,1.889618887100372e-12,1.889618887100372e-12,1.889618887100372e-12,1.889618887100372e-12,1.9428318727770046e-12,1.9428318727770046e-12,1.9428318727770046e-12,2.144013463543102e-12,2.144013463543102e-12,1.2331479567737729e-11
0.001320088400831418,2.2418714466925826e-12,2.2418714466925826e-12,2.2418714466925826e-12,2.2418714466925826e-12,2.3050041101074374e-12,2.3050041101074374e-12,2.3050041101074374e-12,2.5436888751674623e-12,2.5436888751674623e-12,1.2785517638589429e-11
0.0013826221737646563,2.659789028256148e-12,2.659789028256148e-12,2.659789028256148e-12,2.659789028256148e-12,2.7346905422225614e-12,2.7346905422225614e-12,2.7346905422225614e-12,3.017869621021584e-12,3.017869621021584e-12,1.3324195037350574e-11
0.001448118227674533,3.155612550964112e-12,3.155612550964112e-12,3.155612550964112e-12,3.155612550964112e-12,3.2444768011161143e-12,3.2444768011161143e-12,3.2444768011161143e-12,3.5804445836015946e-12,3.5804445836015946e-12,1.3963289770952295e-11
0.0015167168884709225,3.7438648201094826e-12,3.7438648201094826e-12,3.7438648201094826e-12,3.7438648201094826e-12,3.84929466440632e-12,3.84929466440632e-12,3.84929466440632e-12,4.247891735956513e-12,4.247891735956513e-12,1.4721521097265113e-11
0.0015885651294280528,4.441775904006182e-12,4.441775904006182e-12,4.441775904006182e-12,4.441775904006182e-12,4.566859411147015e-12,4.566859411147015e-12,4.566859411147015e-12,5.039760785982382e-12,5.039760785982382e-12,1.5621097817232577e-11
0.001663816886076129,5.269787807357392e-12,5.269787807357392e-12,5.269787807357392e-12,5.269787807357392e-12,5.418188707150013e-12,5.418188707150013e-12,5.418188707150013e-12,5.9792457926623296e-12,5.9792457926623296e-12,1.6688368776667036e-11
0.0017426333860096508,6.252153223110891e-12,6.252153223110891e-12,6.252153223110891e-12,6.252153223110891e-12,6.428218218110249e-12,6.428218218110249e-12,6.428218218110249e-12,7.0938645263372655e-12,7.0938645263372655e-12,1.795459463108112e-11
0.0018251834943190425,7.41764590040496e-12,7.41764590040496e-12,7.41764590040496e-12,7.41764590040496e-12,7.626531982008445e-12,7.626531982008445e-12,7.626531982008445e-12,8.416264471653056e-12,8.416264471653056e-12,1.9456863478755448e-11
0.0019116440753857017,8.800403435475251e-12,8.800403435475251e-12,8.800403435475251e-12,8.800403435475251e-12,9.048228933597683e-12,9.048228933597683e-12,9.048228933597683e-12,9.985179081229753e-12,9.985179081229753e-12,2.1239177181184135e-11
0.0020022003718155844,1.0440927171095646e-11,1.0440927171095646e-11,1.0440927171095646e-11,1.0440927171095646e-11,1.073495096170982e-11,1.073495096170982e-11,1.073495096170982e-11,1.184656228898084e-11,1.184656228898084e-11,2.3353740189517e-11
0.002097046401323233,1.2387268491879463e-11,1.2387268491879463e-11,1.2387268491879463e-11,1.2387268491879463e-11,1.2736102611459712e-11,1.2736102611459712e-11,1.2736102611459712e-11,1.4054934513285944e-11,1.4054934513285944e-11,2.5862488627075273e-11
0.002196385372416547,1.4696436262350825e-11,1.4696436262350825e-11,1.4696436262350825e-11,1.4696436262350825e-11,1.5110298156754178e-11,1.5110298156754178e-11,1.5110298156754178e-11,1.667497957481345e-11,1.667497957481345e-11,2.8838904415180653e-11
0.002300430119772917,1.7436066632029164e-11,1.7436066632029164e-11,1.7436066632029164e-11,1.7436066632029164e-11,1.7927078428252208e-11,1.7927078428252208e-11,1.7927078428252208e-11,1.9783439303149442e-11,1.9783439303149442e-11,3.2370167578535465e-11
0.0024094035602395245,2.068640411657034e-11,2.068640411657034e-11,2.068640411657034e-11,2.068640411657034e-11,2.1268947683132577e-11,2.1268947683132577e-11,2.1268947683132577e-11,2.3471361325774442e-11,2.3471361325774442e-11,3.6559709771761826e-11
0.0025235391704347657,2.454265198136585e-11,2.454265198136585e-11,2.454265198136585e-11,2.454265198136585e-11,2.5233790177134318e-11,2.5233790177134318e-11,2.5233790177134318e-11,2.7846765877734036e-11,2.7846765877734036e-11,4.153024382058146e-11
0.0026430814869741054,2.9117760770975026e-11,2.9117760770975026e-11,2.9117760770975026e-11,2.9117760770975026e-11,2.993773722092243e-11,2.993773722092243e-11,2.993773722092243e-11,3.3037809743583974e-11,3.3037809743583974e-11,4.742735801372134e-11
0.0027682866303920667,3.4545736661170214e-11,3.4545736661170214e-11,3.4545736661170214e-11,3.4545736661170214e-11,3.551856869763376e-11,3.551856869763376e-11,3.551856869763376e-11,3.919654000432343e-11,3.919654000432343e-11,5.44237804233255e-11
0.002899422853882875,4.0985566536122953e-11,4.0985566536122953e-11,4.0985566536122953e-11,4.0985566536122953e-11,4.213974867297405e-11,4.213974867297405e-11,4.213974867297405e-11,4.650334753758164e-11,4.650334753758164e-11,6.272443815697345e-11
0.0030367711180354575,4.8625874757306243e-11,4.8625874757306243e-11,4.8625874757306243e-11,4.8625874757306243e-11,4.999521330197991e-11,4.999521330197991e-11,4.999521330197991e-11,5.5172250715285605e-11,5.5172250715285605e-11,7.25724597281685e-11
0.0031806256927941192,5.769044802213295e-11,5.769044802213295e-11,5.769044802213295e-11,5.769044802213295e-11,5.931505127152939e-11,5.931505127152939e-11,5.931505127152939e-11,6.545716405974228e-11,6.545716405974228e-11,8.42562963563504e-11
0.0033312947879346735,6.844479013693683e-11,6.844479013693683e-11,6.844479013693683e-11,6.844479013693683e-11,7.037224316030102e-11,7.037224316030102e-11,7.037224316030102e-11,7.765933546876978e-11,7.765933546876978e-11,9.811817078123842e-11
0.0034891012134067737,8.120389869537214e-11,8.120389869537214e-11,8.120389869537214e-11,8.120389869537214e-11,8.349065711386039e-11,8.349065711386039e-11,8.349065711386039e-11,9.213616984821655e-11,9.213616984821655e-11,1.1456410105956564e-10
0.0036543830709572546,9.634149144324727e-11,9.634149144324727e-11,9.634149144324727e-11,9.634149144324727e-11,9.905453503036121e-11,9.905453503036121e-11,9.905453503036121e-11,1.0931169759845253e-10,1.0931169759845253e-10,1.340757929439232e-10
0.003827494478516311,1.1430095257251646e-10,1.1430095257251646e-10,1.1430095257251646e-10,1.1430095257251646e-10,1.1751974710980915e-10,1.1751974710980915e-10,1.1751974710980915e-10,1.2968899457963686e-10,1.2968899457963686e-10,1.5722474917471052e-10
0.004008806328898464,1.3560831956433906e-10,1.3560831956433906e-10,1.3560831956433906e-10,1.3560831956433906e-10,1.3942714441567745e-10,1.3942714441567745e-10,1.3942714441567745e-10,1.5386491733989988e-10,1.5386491733989988e-10,1.8468900895016513e-10
0.00419870708444391,1.608876909693626e-10,1.608876909693626e-10,1.608876909693626e-10,1.608876909693626e-10,1.6541840054902654e-10,1.6541840054902654e-10,1.6541840054902654e-10,1.825475852052709e-10,1.825475852052709e-10,2.172730078780886e-10
0.004397603609302721,1.908795064232783e-10,1.908795064232783e-10,1.908795064232783e-10,1.908795064232783e-10,1.9625480644204412e-10,1.9625480644204412e-10,1.9625480644204412e-10,2.165771212864891e-10,2.165771212864891e-10,2.5593114011262103e-10
0.004605922041145104,2.2646223432424497e-10,2.2646223432424497e-10,2.2646223432424497e-10,2.2646223432424497e-10,2.3283956877558693e-10,2.3283956877558693e-10,2.3283956877558693e-10,2.5695025991239164e-10,2.5695025991239164e-10,3.017957128174154e-10
0.004824108704165369,2.6867810241013217e-10,2.6867810241013217e-10,2.6867810241013217e-10,2.6867810241013217e-10,2.762442651474196e-10,2.762442651474196e-10,2.762442651474196e-10,3.048495412482722e-10,3.048495412482722e-10,3.562101117490121e-10
0.00505263106533568,3.1876362489113363e-10,3.1876362489113363e-10,3.1876362489113363e-10,3.1876362489113363e-10,3.2774023087016566e-10,3.2774023087016566e-10,3.2774023087016566e-10,3.616779482174578e-10,3.616779482174578e-10,4.2076814938929645e-10
0.005291978735958442,3.781858202857206e-10,3.7818582028572055e-10,3.7818582028572055e-10,3.7818582028572055e-10,3.888357967267713e-10,3.888357967267713e-10,3.888357967267713e-10,4.2910000025090073e-10,4.2910000025090073e-10,4.973607481444721e-10
0.005542664520663107,4.486851807901397e-10,4.486851807901395e-10,4.486851807901395e-10,4.486851807901395e-10,4.6132046838740327e-10,4.6132046838740327e-10,4.6132046838740327e-10,5.090905075118164e-10,5.090905075118164e-10,5.88231325974059e-10
0.005805225516094896,5.323266517658892e-10,5.323266517658886e-10,5.323266517658886e-10,5.323266517658886e-10,5.473173415148286e-10,5.473173415148286e-10,5.473173415148286e-10,6.039924136197606e-10,6.039924136197606e-10,6.960415067099254e-10
0.006080224261649427,6.315601145481265e-10,6.315601145481242e-10,6.315601145481242e-10,6.315601145481242e-10,6.493452878108632e-10,6.493452878108632e-10,6.493452878108632e-10,7.165854211031481e-10,7.165854211031481e-10,8.239490797383248e-10
0.006368249944718587,7.492921441327352e-10,7.492921441327275e-10,7.492921441327275e-10,7.492921441327275e-10,7.703927334499162e-10,7.703927334499162e-10,7.703927334499162e-10,8.501674096381632e-10,8.501674096381632e-10,9.757004925049665e-10
0.006669919663030122,8.88971143544141e-10,8.88971143544115e-10,8.88971143544115e-10,8.88971143544115e-10,9.140051908899249e-10,9.140051908899249e-10,9.140051908899249e-10,1.0086510318363135e-09,1.0086510318363135e-09,1.1557405849736043e-09
0.0069858797467852495,1.0546883484923288e-09,1.0546883484922417e-09,1.0546883484922417e-09,1.0546883484922417e-09,1.0843891078908733e-09,1.0843891078908733e-09,1.0843891078908733e-09,1.1966783158971083e-09,1.1966783158971083e-09,1.3693427801897853e-09
0.007316807143427192,1.251297660772696e-09,1.2512976607724094e-09,1.2512976607724094e-09,1.2512976607724094e-09,1.2865350755066184e-09,1.2865350755066184e-09,1.2865350755066184e-09,1.419756631868399e-09,1.419756631868399e-09,1.6227635442663723e-09
0.007663410868007463,1.4845578203613023e-09,1.4845578203603725e-09,1.4845578203603725e-09,1.4845578203603725e-09,1.5263640038452156e-09,1.5263640038452156e-09,1.5263640038452156e-09,1.6844200040026538e-09,1.6844200040026538e-09,1.923425639965227e-09
0.008026433522257174,1.7613010804643978e-09,1.7613010804614261e-09,1.7613010804614261e-09,1.7613010804614261e-09,1.8109005471248376e-09,1.8109005471248376e-09,1.8109005471248376e-09,1.9984204940911577e-09,1.9984204940911577e-09,2.280135541421315e-09
0.008406652885618326,2.089633326060279e-09,2.089633326050919e-09,2.089633326050919e-09,2.089633326050919e-09,2.1484788576916966e-09,2.1484788576916966e-09,2.1484788576916966e-09,2.3709552614452593e-09,2.3709552614452593e-09,2.70334137814464e-09
0.008804883581643464,2.479171497460607e-09,2.479171497431554e-09,2.479171497431554e-09,2.479171497431554e-09,2.548986695589931e-09,2.548986695589931e-09,2.548986695589931e-09,2.8129359501718802e-09,2.8129359501718802e-09,3.2054389635482185e-09
0.009221978823334321,2.941325273095609e-09,2.941325273006737e-09,2.941325273006737e-09,2.941325273006737e-09,3.0241550437177896e-09,3.0241550437177896e-09,3.0241550437177896e-09,3.337308294168208e-09,3.337308294168208e-09,3.801134871658845e-09
0.009658832241158708,3.489631262101071e-09,3.4896312618331616e-09,3.4896312618331616e-09,3.4896312618331616e-09,3.587901711474843e-09,3.587901711474843e-09,3.587901711474843e-09,3.959431301150439e-09,3.959431301150439e-09,4.507877196623252e-09
0.01011637979766207,4.140149495336578e-09,4.140149494540664e-09,4.140149494540664e-09,4.140149494540664e-09,4.256738991141644e-09,4.256738991141644e-09,4.256738991141644e-09,4.697527122116488e-09,4.697527122116488e-09,5.346366612068466e-09
0.010595601792776159,4.911933828273306e-09,4.911933825943073e-09,4.911933825943073e-09,4.911933825943073e-09,5.050257307354735e-09,5.050257307354735e-09,5.050257307354735e-09,5.57321478303752e-09,5.57321478303752e-09,6.341162699378743e-09
0.011097524964120722,5.8275900342785624e-09,5.827590027555141e-09,5.827590027555141e-09,5.827590027555141e-09,5.9916990258960645e-09,5.9916990258960645e-09,5.9916990258960645e-09,6.612143411918014e-09,6.612143411918014e-09,7.521403304400807e-09
0.011623224686798524,6.913937935808581e-09,6.9139379166906485e-09,6.9139379166906485e-09,6.9139379166906485e-09,7.108639228805449e-09,7.108639228805449e-09,7.108639228805449e-09,7.844743508608825e-09,7.844743508608825e-09,8.921657992720194e-09
0.012173827277396614,8.202796969647764e-09,8.20279691607386e-09,8.20279691607386e-09,8.20279691607386e-09,8.433793395894562e-09,8.433793395894562e-09,8.433793395894562e-09,9.307118262258673e-09,9.307118262258673e-09,1.0582940601430834e-08
0.012750512407130135,9.731918201160701e-09,9.731918053205654e-09,9.731918053205654e-09,9.731918053205654e-09,1.0005975649859614e-08,1.0005975649859614e-08,1.0005975649859614e-08,1.1042101023317606e-08,1.1042101023317606e-08,1.2553910545292857e-08
0.013354515629298987,1.1546090100672991e-08,1.154608969798123e-08,1.154608969798123e-08,1.154608969798123e-08,1.187123563223365e-08,1.187123563223365e-08,1.187123563223365e-08,1.3100509903711991e-08,1.3100509903711991e-08,1.4892298063833099e-08
0.013987131026472387,1.3698450506041526e-08,1.3698449425890062e-08,1.3698449425890062e-08,1.3698449425890062e-08,1.4084207309558053e-08,1.4084207309558053e-08,1.4084207309558053e-08,1.554263625273945e-08,1.554263625273945e-08,1.7666595155222525e-08
0.014649713983072856,1.6252043286999356e-08,1.6252040431591796e-08,1.6252040431591796e-08,1.6252040431591796e-08,1.670970921663459e-08,1.6709709216634588e-08,1.6709709216634588e-08,1.844001060650125e-08,1.844001060650125e-08,2.0958061724784306e-08
0.015343684089300124,1.9281665519789126e-08,1.9281658080597108e-08,1.9281658080597108e-08,1.9281658080597108e-08,1.9824643008367507e-08,1.9824643008367497e-08,1.9824643008367497e-08,2.187749783594971e-08,2.187749783594971e-08,2.486310570868861e-08
0.01607052818261639,2.2876059786174336e-08,2.2876040684983215e-08,2.2876040684983215e-08,2.2876040684983215e-08,2.352024592922016e-08,2.3520245929220127e-08,2.3520245929220127e-08,2.595578286091553e-08,2.595578286091553e-08,2.9496106887187377e-08
0.016831803533309566,2.7140517007951293e-08,2.7140468671465835e-08,2.714046867146583e-08,2.714046867146583e-08,2.790476317562916e-08,2.7904763175629054e-08,2.7904763175629054e-08,3.079431973723315e-08,3.079431973723315e-08,3.4992767097489624e-08
0.01762914118095948,3.219996882354636e-08,3.219984827203048e-08,3.219984827203047e-08,3.219984827203047e-08,3.310661842545333e-08,3.310661842545299e-08,3.310661842545299e-08,3.6534830496352434e-08,3.6534830496352434e-08,4.151408497469745e-08
0.018464249428955436,3.820266637598892e-08,3.8202370059068854e-08,3.820237005906882e-08,3.820237005906882e-08,3.927817539992515e-08,3.927817539992404e-08,3.927817539992404e-08,4.3345456219154636e-08,4.334545621915462e-08,4.925107164172931e-08
0.01933891750455231,4.5324567327658326e-08,4.5323849484244254e-08,4.5323849484244134e-08,4.5323849484244134e-08,4.6600200634997126e-08,4.660020063499357e-08,4.660020063499357e-08,5.142568192971238e-08,5.142568192971234e-08,5.843034547163069e-08
0.020255019392306676,5.3774590497633926e-08,5.3772876556271816e-08,5.377287655627143e-08,5.377287655627143e-08,5.52871581774708e-08,5.5287158177459644e-08,5.5287158177459644e-08,6.101217955998593e-08,6.101217955998581e-08,6.932076979375676e-08
0.021214517849106298,6.380095877655975e-08,6.379692549254927e-08,6.379692549254804e-08,6.379692549254804e-08,6.559349128844298e-08,6.559349128840842e-08,6.559349128840842e-08,7.238574012680251e-08,7.238574012680211e-08,8.224132796317166e-08
0.02221946860939524,7.569895782915684e-08,7.568960329725672e-08,7.568960329725279e-08,7.568960329725279e-08,7.782107514609565e-08,7.782107514599018e-08,7.782107514599018e-08,8.587949816551674e-08,8.587949816551544e-08,9.757046645496251e-08
0.023272024789604086,8.982063361539327e-08,8.979924957770293e-08,8.979924957769059e-08,8.979924957769059e-08,9.232805883843148e-08,9.232805883811426e-08,9.232805883811426e-08,1.018886893149046e-07,1.0188868931490049e-07,1.1575717964350591e-07
0.024374441501222206,1.0658731939267761e-07,1.0653913948842032e-07,1.0653913948838215e-07,1.0653913948838215e-07,1.0953935562883127e-07,1.0953935562789102e-07,1.0953935562789102e-07,1.2088222685372867e-07,1.2088222685371576e-07,1.3733416094046267e-07
0.025529080682395178,1.2650658158330183e-07,1.2639958864795597e-07,1.2639958864783963e-07,1.2639958864783963e-07,1.299590887551106e-07,1.2995908875236403e-07,1.29959088752364e-07,1.4341643626622278e-07,1.434164362661829e-07,1.629334054884818e-07
0.026738416158399468,1.5019650105930088e-07,1.4996231458178577e-07,1.499623145814363e-07,1.499623145814363e-07,1.5418535730020817e-07,1.5418535729230122e-07,1.5418535729230117e-07,1.7015135012193516e-07,1.7015135012181363e-07,1.9330472141294798e-07
0.02800503894183631,1.7842270738521548e-07,1.7791747533789713e-07,1.779174753368626e-07,1.7791747533686253e-07,1.829277546275118e-07,1.8292775460507914e-07,1.8292775460507898e-07,2.0187004054616616e-07,2.018700405458013e-07,2.293376918246062e-07
0.02933166278390044,2.1215823831699454e-07,2.1108388433512434e-07,2.1108388433210615e-07,2.1108388433210602e-07,2.1702815249697538e-07,2.1702815243425404e-07,2.1702815243425354e-07,2.395015555269835e-07,2.39501555525904e-07,2.7208773083656216e-07
0.030721129988617576,2.526848290439516e-07,2.50432993534971e-07,2.5043299352629344e-07,2.50432993526293e-07,2.574853596323516e-07,2.574853594595237e-07,2.5748535945952206e-07,2.841481308592601e-07,2.8414813085611267e-07,3.228069967701047e-07
0.03217641750250737,3.017696107529212e-07,2.9711734740021096e-07,2.971173473756241e-07,2.9711734737562265e-07,3.0548437700003325e-07,3.05484376530702e-07,3.054843765306968e-07,3.371174747567544e-07,3.371174747477105e-07,3.8298106798670213e-07
0.03370064329271928,3.6197840216669835e-07,3.5250434105118825e-07,3.525043409825331e-07,3.5250434098252855e-07,3.62431106718654e-07,3.62431105462583e-07,3.6243110546256674e-07,3.9996107073781303e-07,3.9996107071220267e-07,4.543724555647768e-07
0.0352970730273065,4.3723399594768195e-07,4.182162713899188e-07,4.182162712009863e-07,4.18216271200972e-07,4.299935313099826e-07,4.29993527996988e-07,4.2999352799693796e-07,4.745196206605271e-07,4.7451962058905476e-07,5.390722272821854e-07
0.036969127071950283,5.338081784710437e-07,4.961778542864131e-07,4.961778537740156e-07,4.961778537739716e-07,5.101505696534917e-07,5.10150561041537e-07,5.10150561041385e-07,5.629769589127069e-07,5.629769587161334e-07,6.395612549326102e-07
0.03872038781812555,6.620701084577364e-07,5.886725996184413e-07,5.886725982488966e-07,5.886725982487629e-07,6.052500411841357e-07,6.052500191213673e-07,6.052500191209124e-07,6.679240168791123e-07,6.679240163462946e-07,7.587828788532877e-07
0.040554607358408296,8.395320907227039e-07,6.984096954515105e-07,6.984096918439226e-07,6.984096918435216e-07,7.180774374191518e-07,7.18077381713603e-07,7.18077381712261e-07,7.924347111879383e-07,7.924347097646202e-07,9.002291179258462e-07
0.04247571552536898,1.0960822670707843e-06,8.286033605908009e-07,8.286033512252862e-07,8.286033512241015e-07,8.519375182036078e-07,8.519373795854529e-07,8.519373795815519e-07,9.401559785234909e-07,9.401559747763732e-07,1.0680429500234757e-06
0.04448782831127585,1.4828371106823856e-06,9.83066990267328e-07,9.83066966305321e-07,9.830669663018721e-07,1.0107511296515932e-06,1.0107507896913451e-06,1.0107507896801704e-06,1.1154145942629213e-06,1.1154145845406583e-06,1.26713965853416e-06
0.046595256686646824,2.086873687339566e-06,1.1663248538071722e-06,1.1663247933852789e-06,1.1663247933753836e-06,1.1991700953182867e-06,1.1991692735945666e-06,1.19916927356302e-06,1.3233439041091147e-06,1.3233438792483271e-06,1.5033507989767466e-06
0.04880251583654431,3.0553291178614425e-06,1.3837446190783967e-06,1.383744468920556e-06,1.3837444688925774e-06,1.422713580372517e-06,1.4227116228056168e-06,1.4227116227178506e-06,1.5700341819277478e-06,1.5700341192746189e-06,1.783595002207713e-06
0.051114334834401684,4.634128134142619e-06,1.6416945927090235e-06,1.6416942249297155e-06,1.6416942248517538e-06,1.6879299975981705e-06,1.687925401343367e-06,1.687925401102731e-06,1.8627110208622469e-06,1.8627108652463213e-06,2.116080616722425e-06
0.053535666774107246,7.229089217967518e-06,1.94773029825059e-06,1.9477294104501952e-06,1.9477294102361064e-06,2.002589355916381e-06,2.0025787195809415e-06,2.002578718930729e-06,2.2099469901340457e-06,2.209946609198187e-06,2.510546125182661e-06
0.05607169938205458,1.1500546922368935e-05,2.3108158938416034e-06,2.31081378163964e-06,2.3108137810602595e-06,2.3759120154534456e-06,2.375887755815406e-06,2.3758877540839404e-06,2.6219127737241445e-06,2.6219118546733995e-06,2.9785453770561614e-06
0.05872786613189483,1.850707863669854e-05,2.7415869940580783e-06,2.7415820412551446e-06,2.7415820397099118e-06,2.818841225069664e-06,2.818786688845484e-06,2.818786684301488e-06,3.1106751840844372e-06,3.1106729987376435e-06,3.5337859929863927e-06
0.061509857885805014,2.9919544862364844e-05,3.252662762443509e-06,3.2526513161277065e-06,3.2526513120662183e-06,3.3443687834631717e-06,3.344247946847119e-06,3.344247935094634e-06,3.6905508607325195e-06,3.690545739222298e-06,4.1925308566863205e-06
0.06442363508721373,4.833342523618832e-05,3.859016766806688e-06,3.858990694276171e-06,3.8589906837555915e-06,3.967926045321025e-06,3.967662151477121e-06,3.9676621215206155e-06,4.378526185944945e-06,4.378514356176405e-06,4.9740744646143675e-06
0.06747544053110693,7.771512959741968e-05,4.57841817739208e-06,4.578359643514299e-06,4.578359616657199e-06,4.707856928682192e-06,4.707288884830785e-06,4.707288809577662e-06,5.194756076439456e-06,5.194729145043971e-06,5.901308111334845e-06
0.07067181273927492,0.00012402604177558818,5.431957672367869e-06,5.431828150802904e-06,5.431828083234214e-06,5.5859966884255614e-06,5.5847914824723095e-06,5.584791296164073e-06,6.163156996545144e-06,6.163096566916434e-06,7.001390523465966e-06
0.07401959996915644,0.0001960755478991905,6.444676298421758e-06,6.444393815802265e-06,6.4443936482691315e-06,6.6283919386391475e-06,6.625871520457158e-06,6.625871065871162e-06,7.31211304060257e-06,7.311979395305089e-06,8.306543714014954e-06
0.0775259748862946,0.00030665972861331164,7.646321214775572e-06,7.645713974456953e-06,7.645713565076852e-06,7.866217020300999e-06,7.861021593370338e-06,7.86102050022258e-06,8.675318681617696e-06,8.675027358772712e-06,9.85499764279789e-06
0.08119844993184012,0.00047404370894327876,9.072260933677608e-06,9.070974305020548e-06,9.070973319137128e-06,9.3369747925731e-06,9.32641846630608e-06,9.326415875571498e-06,1.0292788516584644e-05,1.029216259904765e-05,1.169211192454751e-05
0.08504489341802678,0.0007238402868642139,1.0764606425674248e-05,1.0761919384558352e-05,1.0761917044647731e-05,1.1086125188614707e-05,1.1064982842169229e-05,1.1064976790841257e-05,1.221207431750437e-05,1.2210748797666405e-05,1.3871708604513016e-05
0.0890735463861044,0.0010913224662049646,1.2773606768692288e-05,1.2768075448709008e-05,1.2768069975400363e-05,1.3169376592123756e-05,1.3127636966097768e-05,1.312762303566163e-05,1.4489745063958425e-05,1.4486978205698787e-05,1.645765736046436e-05
0.09329304026284686,0.0016241799341801084,1.5159424656937685e-05,1.5148201326773323e-05,1.514818870908761e-05,1.56560252196924e-05,1.5574797291629216e-05,1.557476568577111e-05,1.719320998350716e-05,1.7187517203282724e-05,1.95257640984837e-05
0.09771241535346496,0.0023856868659442665,1.7994457405297677e-05,1.7972010395785693e-05,1.7971981728225106e-05,1.8633969331989522e-05,1.847814673983064e-05,1.8478076065457313e-05,2.040300389052502e-05,2.039145861653643e-05,2.3166026953813172e-05
0.10234114021054527,0.0034581893989649383,2.136646790750992e-05,2.1322214719924238e-05,2.132215052728263e-05,2.2217406629793135e-05,2.192274010678168e-05,2.1922584348706533e-05,2.4215717878754977e-05,2.4192638074015443e-05,2.748534211996757e-05
0.10718913192051276,0.004946746366748986,2.5382950215942336e-05,2.5296952744507135e-05,2.529681107855764e-05,2.6558813033097714e-05,2.600950755098151e-05,2.6009169224355416e-05,2.8747861835488684e-05,2.8702382503832113e-05,3.261076890438206e-05
0.11226677735108136,0.006982669864187839,3.0177410377068217e-05,3.0012674640146394e-05,3.0012366510343823e-05,3.186769234924789e-05,3.0858235824508164e-05,3.085751151928193e-05,3.4141111647258445e-05,3.4052771861928104e-05,3.869350417797671e-05
0.1175849554052157,0.009726619804027946,3.591864495709417e-05,3.5607575641241644e-05,3.560691511169794e-05,3.843990053118995e-05,3.6611126620689234e-05,3.660959831656616e-05,4.056965834937758e-05,4.0400510893122566e-05,4.591377938493448e-05
0.12315506032928261,0.013370819366657778,4.282471787912541e-05,4.2245689082902636e-05,4.224429353918948e-05,4.6703235408697544e-05,4.3437058733928803e-05,4.343388037002334e-05,4.8250789727005714e-05,4.793152693935142e-05,5.448699185380247e-05
0.1289890261253308,0.01813989005442759,5.11842664582039e-05,5.0121779871157524e-05,5.0118873910910295e-05,5.7287616207560674e-05,5.1536719949743684e-05,5.153020507423102e-05,5.746046857594592e-05,5.686643367105984e-05,6.467153694748927e-05
0.13509935211980265,0.024289772129804425,6.138913402697149e-05,5.946721995489451e-05,5.946125601420404e-05,7.113173814500773e-05,6.114883260709204e-05,6.113567065411105e-05,6.85566228671536e-05,6.74670308703852e-05,7.677904974391868e-05
0.1414991297434576,0.0321042151147478,7.398428193165603e-05,7.055708663389482e-05,7.054502303742338e-05,8.964273614226826e-05,7.255778455533479e-05,7.253157562165745e-05,8.201425687840097e-05,8.004404974474675e-05,9.118814009123959e-05
0.14820207057988585,0.04188840806147959,8.974365283625226e-05,8.37188127393438e-05,8.369476232525188e-05,0.00011493122013086577,8.610311182267464e-05,8.605167237408594e-05,9.847848277593715e-05,9.496640594855363e-05,0.00010836327783549893
0.1552225357427048,0.0539594794004587,0.00010978432111679851,9.934285121419184e-05,9.929559346544313e-05,0.00015015100762772436,0.00010219148668652788,0.00010209197722842955,0.00011884433477258185,0.00011267229523083238,0.00012888134452498177
0.1625755666443795,0.06863383177178516,0.000135736031010459,0.00011789602031556756,0.00011780449722841374,0.00019998070578846862,0.00012131218349347201,0.0001211224444443684,0.00014437594354782117,0.00013368256987214094,0.00015346963050660175
0.17027691722258995,0.08621157781036351,0.0001699891717377556,0.00013993850657551172,0.0001397638045670227,0.0002712923814655277,0.00014405747995497177,0.00014370088384621518,0.00017688247155411022,0.00015861698397771294,0.0001830608675560323
0.17834308769319093,0.10695868563730655,0.00021605130938971554,0.0001661459742224614,0.00016581729127510193,0.0003740598595120292,0.000171150180930685,0.00017048959817262752,0.00021897421834273043,0.00018821411673589135,0.0002188734172953536
0.1867913599020783,0.13108779349015212,0.0002790502904355918,0.00019733893662776154,0.0001967294405774254,0.0005225641319657214,0.00020348152829368979,0.00020227534903140187,0.00027442942949072377,0.0002233561111981289,0.0002625281665644449
0.19563983435170648,0.15873896842770485,0.00036643001104893266,0.00023452258790176246,0.00023340859751384623,0.0007369538006921606,0.0002421643166312768,0.00023999344723879152,0.0003487102731174998,0.0002650998542858126,0.0003162181798733202
0.20490746898158482,0.18996191751656283,0.0004888921187758735,0.0002789418001553198,0.0002769349675627621,0.0010452117555467158,0.00028860823012553206,0.0002847570312250654,0.0004496745265889395,0.00031471694466099275,0.00038295283474926807
0.21461411978584036,0.22470126735407894,0.0006616415491962253,0.000332158121286531,0.0003285947402226623,0.001485562424095971,0.00034462742993877427,0.0003378929854552983,0.000588536628912676,0.0003737458472631811,0.0004669050033771303
0.22478058335487253,0.2627864754665156,0.0009059937009343095,0.00039615853705271005,0.00038992209354144294,0.0021093239636038796,0.0004125944322326412,0.0004009865156713291,0.0007811362457437947,0.0004440611436698657,0.0005738976183037395
0.2354286414322418,0.3039277084383914,0.0012513935116469496,0.0004735096695239689,0.00046275152437061,0.002984164323709596,0.0004956594672212311,0.00047593721704336625,0.0010495721365385694,0.0005279669110697276,0.0007120741311032609
0.2465811075822604,0.34771862213938304,0.0017378787039706144,0.0005675761205752721,0.0005492839418450814,0.004197658101174445,0.0005980608512612921,0.0005650306488550953,0.0014242511758385114,0.0006283241758683082,0.0008928049744491948
0.2582618760682677,0.39364643881662204,0.0024189880813235013,0.0006828278987971236,0.0006521713762626813,0.005860963554308666,0.0007255593209254818,0.0006710310975425593,0.0019463838347278115,0.0007487262710344537,0.0011318876796499325
0.27049597304631345,0.4411090861252588,0.0033650686570269846,0.0008252691973739457,0.0007746271386513217,0.008112349964617311,0.0008860373886556128,0.0007973035283028603,0.0026709253307673412,0.000893740931213611,0.0014510997153251784
0.2833096101839324,0.4894385129918088,0.004666871642488575,0.0010030288706546638,0.0009205709881800582,0.011120212151367161,0.0010903128255734438,0.000947975872056775,0.003669913715801139,0.0010692441585371422,0.0018801577823872764
0.29673024081888694,0.5379287028128289,0.006439248127601443,0.0012271610743950342,0.001094822505455832,0.015085122486819891,0.0013532221145512743,0.0011281569456567458,0.005036091489525,0.0012828782034517308,0.0024591222178356924
0.3107866187782014,0.5858664389799026,0.00882466485655725,0.00151271149878032,0.001303360592313721,0.020240405634876123,0.0016950333359802546,0.0013442305976116775,0.0068866172151861756,0.001544674097722357,0.0032412572471055513
0.325508859983506,0.6325626000876259,0.011996166583459785,0.001880108681552884,0.0015536729221282259,0.02685069394429334,0.002143246057209632,0.0016042531539598745,0.009366582388368148,0.0018678873581702742,0.00429631444400637
0.3409285069746811,0.6773817082323561,0.01615932554148709,0.002356938698188137,0.0018552262166059853,0.035207948543287675,0.002734825507972297,0.0019184887804446328,0.012651954362540942,0.0022701025801865034,0.005714146400594597
0.35707859649004625,0.7197676305489806,0.02155265526923316,0.0029801522281742558,0.002220096170184425,0.04562452661717423,0.0035188964960233843,0.002300125573722063,0.016951480076598566,0.002774666919499812,0.007608480713398329
0.3739937302478798,0.7592637186559953,0.028445942078777976,0.0037987324340411866,0.00266380409196856,0.05842304720416228,0.004559886171130435,0.002766223249309525,0.022507022494951148,0.0034125115690920144,0.010120594170051601
0.39171014908092605,0.7955262137861354,0.037135979388442465,0.004876817205208181,0.0032064148430687722,0.07392305532639752,0.005941051676559816,0.003338949900654283,0.02959177883687743,0.0042244113730928535,0.013422530143608478
0.41026581058271944,0.8283303792351215,0.04793929165719716,0.006297217743455102,0.003873955805021115,0.09242479532537269,0.00776825827470045,0.004047168552849951,0.03850586345050193,0.0052637124247928435,0.017719409131736565
0.4297004704320839,0.8575694701962541,0.061181613367307076,0.008165206279529357,0.004700217180517814,0.11419075454359655,0.010173787431370727,0.004928431582865959,0.0495688422206266,0.00659952263972936,0.023250307126669045
0.4500557675700497,0.8832472406675735,0.07718414291501645,0.010612360289313626,0.0057289870396164235,0.1394259922335761,0.013319857512164468,0.006031429421420156,0.06310898718375804,0.008320308244922364,0.03028713564761882
0.4713753134116724,0.9054651573082898,0.09624690847442954,0.013800153417169829,0.007016756844203453,0.16825858171117522,0.017401440837171666,0.007418915848192955,0.07944927785777149,0.010537768605289044,0.039130968139629095
0.4937047852839004,0.924405800379565,0.11862993765910117,0.017922882621396182,0.00863590120828157,0.20072171912285974,0.022647872328673095,0.009171092275121216,0.098890496497134,0.013390773769313446,0.05010533553861448
0.517092024289676,0.9403140654923596,0.1445332785845401,0.023209428919879357,0.010678286230821132,0.236739146251611,0.02932268257934866,0.011389375007530695,0.12169212252536135,0.01704904760417497,0.063546169684635
0.5415871378079471,0.9534777435541574,0.17407723213943652,0.029923281026841053,0.013259191791250603,0.27611546508199203,0.037721069430164414,0.014200391401605561,0.1480520899644333,0.021716172234332337,0.07978830938257042
0.5672426068491978,0.9642088765667326,0.20728437657595788,0.03836022476918736,0.016521344596906663,0.31853267369595917,0.048164464289575847,0.017759954339192287,0.1780867859664195,0.027631388607027435,0.0991487919256833
0.5941133984965034,0.9728270038691221,0.2440650527066898,0.04884313413534208,0.020638753290153414,0.3635538342989432,0.060991766429891105,0.022256654091776823,0.2118128910969469,0.03506958907282323,0.12190751218739612
0.6222570836730231,0.9796450734066273,0.2842078992938908,0.06171340706924869,0.02581992110284362,0.4106342266998999,0.07654701790060574,0.027914591088129128,0.2491327495582905,0.04433885928956971,0.1482862092749177
0.6517339604882427,0.984958441160783,0.327376769970217,0.07731877965910433,0.03230989628985339,0.4591396981892101,0.09516357156853125,0.03499466538964689,0.28982487833938597,0.0557749477444416,0.1784270948559064
0.6826071834272386,0.9890370578530334,0.37311493420902797,0.09599752612067924,0.040390521243576706,0.5083712631246781,0.11714515150312582,0.043793756021759445,0.3335409647087483,0.06973213910994902,0.21237272004116262
0.7149428986597577,0.9921206737803027,0.4208568984393728,0.11805939743341813,0.05037817702162958,0.5575944090392146,0.14274459235867515,0.054641086044466915,0.3798102704703951,0.08657019488954898,0.2500488425607793
0.7488103857590023,0.9944166963588208,0.4699475339139473,0.14376404463182674,0.062618312713909,0.6060711030527054,0.1721414350799192,0.06789109897047657,0.4280517918068175,0.10663730554996069,0.2912520644304135
0.7842822061337682,0.9961002151232852,0.5196675352973115,0.1732980777870714,0.07747612056755249,0.6530922203742544,0.20541990454587233,0.08391228907976914,0.47759386955640487,0.13024936581205906,0.3356438387923579
0.821434358491943,0.9973156602784408,0.5692636342544587,0.20675228384529076,0.09532288729009586,0.6980080698071485,0.24254905202705654,0.10307164797016631,0.5277002758341168,0.1576663195167396,0.3827520896982052
0.8603464416684501,0.9981795712954497,0.6179815271541788,0.2441008166195502,0.11651783252152068,0.7402548748426213,0.28336696632966074,0.12571471991337962,0.5776011945100471,0.18906679003340854,0.4319811695118232
0.9011018251665018,0.9987840056571112,0.6650992018813727,0.285184332958064,0.1413856404451802,0.7793754592063181,0.32757090712172304,0.15214169548044393,0.6265270362022859,0.2245226724006522,0.48263023635523017
0.9437878277775381,0.9992001980589083,0.7099582987377939,0.3296990411400427,0.1701903901501835,0.8150329331761342,0.37471497301019163,0.1825804984992979,0.6737427393089138,0.26397576130980804,0.533919426954679
0.9884959046625587,0.9994821720119682,0.7519913192819895,0.37719342541799156,0.20310716893280018,0.8470168144549596,0.424216486047013,0.2171584014765765,0.7185801404608648,0.3072187667972649,0.5850224968492317
1.0353218432956626,0.9996700966481783,0.7907428808824759,0.4270740066979718,0.24019326624060533,0.8752416701343587,0.47537167486819487,0.25587428739733575,0.7604661564850201,0.3538831688524853,0.6351039701101531
1.0843659686896108,0.9997932629737105,0.825883755478128,0.47862090550751435,0.28136143064587393,0.8997389628577794,0.5273805109498194,0.2985741917013321,0.7989448840045543,0.4034362291710777,0.6833583474944787
1.135733358343105,0.9998726208228708,0.8572170637900681,0.5310132204786108,0.32635814411051584,0.9206432660598305,0.579379751736858,0.344933120717982,0.8336922477188353,0.45518906855795743,0.7290486152338359
1.1895340673703196,0.9999228684074162,0.8846766498457008,0.5833633714289963,0.3747501244195631,0.9381743411761108,0.6304824359003316,0.3944462518479104,0.8645224547236572,0.5083170036225011,0.7715412103916574
1.2458833642950082,0.9999541210830178,0.9083182679767924,0.6347586437970372,0.4259221931102458,0.9526167278582308,0.6798213308524663,0.4464323705767624,0.8913861750640277,0.5618923137244508,0.8103347513160226
1.3049019780144029,0.9999732067619331,0.928304720920138,0.684307288514143,0.47908912896434835,0.9642984924046955,0.7265932258624169,0.5000516944427381,0.9143610068490888,0.6149283159003658,0.845080238112555
1.3667163564620073,0.9999846450880996,0.9448864568007237,0.7311857723247318,0.5333230794563057,0.9735706336124057,0.7701005740552751,0.5543390159770148,0.9336353466464025,0.6664321570844118,0.8755910604655328
1.4314589375234785,0.9999913690570905,0.9583793474238069,0.774683248925395,0.587596503538786,0.9807883942889424,0.8097868937859714,0.6082513827773763,0.9494872340787749,0.7154622595141386,0.901841994181527
1.4992684327860455,0.9999952439897397,0.9691414299257008,0.8142391539847041,0.6408385615391881,0.9862954102693802,0.8452626201713556,0.6607274599279707,0.9622600463040969,0.7611851257078615,0.9239573729613577
1.5702901247293775,0.9999974319753513,0.9775503095334814,0.8494701347680003,0.6920005996456874,0.9904112845726256,0.8763188045764074,0.7107535751587012,0.9723370637515637,0.8029255269645479,0.9421896991549388
1.6446761779946644,0.9999986418524943,0.9839827105328046,0.8801833858427128,0.7401243090506817,0.9934228340541396,0.9029271958034784,0.7574296605239274,0.9801168988813178,0.8402042561475347,0.956890973005857
1.7225859653987874,0.9999992967098046,0.9887973467720251,0.9063748673331156,0.7844047939747207,0.9955789442564995,0.9252267184979583,0.8000273763333805,0.9859915682067617,0.8727588005871926,0.9684798068596072
1.8041864093920719,0.9999996435105382,0.992321887830307,0.9282126918566491,0.824240656134396,0.9970887038626663,0.9434980018976487,0.8380330610325739,0.9903286030360325,0.9005444410535486,0.9774077830780377
1.8896523396912097,0.9999998231480995,0.9948443558908342,0.9460078976523838,0.8592645838381237,0.9981222878418419,0.9581291214440505,0.8711699694977695,0.9934580702396463,0.9237160801840554,0.9841284009685647
1.9791668678535574,0.9999999141391126,0.996608845387422,0.9601764956630382,0.8893507298984804,0.998813929302315,0.9695767788444174,0.8993973236159936,0.995664775278634,0.9425939742239526,0.9890713340787278
2.072921779595372,0.999999959203612,0.9978150647832603,0.9711977073454965,0.9145988421971206,0.999266270705023,0.9783275081319953,0.9228873788546189,0.9971853345584426,0.9576188184379871,0.9926237073523809
2.171117945694505,0.9999999810263149,0.9986209085010453,0.9795734502156839,0.9352988182846794,0.9995554141288547,0.9848630619907046,0.9419851373327853,0.9982093266620744,0.9693027815021733,0.9951189272475143
2.2739657523579275,0.9999999913604907,0.9991471134266718,0.9857933634954823,0.9518821838395193,0.9997360861053253,0.9896330193082794,0.9571576805055981,0.9988834343584786,0.9781828822864944,0.9968325123734461
2.381685551976158,0.9999999961472348,0.9994830482157464,0.9903082270026575,0.964868303517214,0.9998464736001891,0.9930361551975113,0.9689408541457781,0.9993174004420065,0.9847817295665973,0.9979835839065758
2.4945081352303164,0.9999999983166736,0.9996928040252624,0.9935129070340385,0.9748127608238268,0.9999124465954048,0.9954105993325013,0.9778902064759567,0.9995907197621721,0.9895785806050708,0.9987402843335119
2.612675225563329,0.9999999992791213,0.9998209579380978,0.9957383808002475,0.982263621811658,0.9999510326505046,0.9970316006789632,0.9845410939328185,0.9997592184078905,0.9929915060366401,0.9992273830229287
2.736439997074672,0.9999999996972725,0.9998976119607307,0.9972512528511042,0.9877288697051945,0.9999731298716148,0.9981150006940606,0.9893804011476434,0.9998609547513493,0.9953696688154144,0.9995345949188796
2.8660676169482504,0.999999999875279,0.9999425242887929,0.9982586088757274,0.9916558581549928,0.9999855271898823,0.998824312291627,0.9928300236505772,0.9999211497113158,0.9969936054676581,0.9997245474861027
3.001835813575589,0.9999999999495658,0.9999683155400926,0.998916007614876,0.99442170164827,0.9999923450099472,0.9992794998160974,0.995240572859347,0.9999560717007118,0.9980809707388155,0.9998397574317311
3.1440354715915,0.9999999999799736,0.9999828400774179,0.9993367344156644,0.9963323488298117,0.9999960223450716,0.9995659877658669,0.9968928444598331,0.9999759480226511,0.998795330881608,0.9999083396997799
3.2929712550971515,0.999999999992188,0.9999908659752778,0.9996009429629519,0.9976276569477779,0.9999979687090049,0.9997429300703878,0.9980043716585406,0.9999870526024452,0.9992560496634326,0.9999484295053054
3.44896226040576,0.9999999999970053,0.9999952198052529,0.9997638364029943,0.9984899272076776,0.9999989801437009,0.999850229461398,0.9987386604908193,0.9999931453335672,0.9995478962625636,0.9999714524434561
3.6123426997094303,0.9999999999988713,0.9999975395722738,0.9998624840241221,0.9990538371076809,0.9999994964149316,0.9999141463274503,0.9992152416127282,0.9999964297791668,0.9997295632360037,0.9999844474592856
3.7834626171319288,0.9999999999995817,0.9999987540862428,0.9999211913156276,0.9994163045210661,0.9999997553730016,0.9999515641600151,0.9995192764596618,0.9999981701004595,0.9998407316406162,0.9999916593095288
3.9626886387014784,0.9999999999998475,0.9999993791394289,0.999955538832149,0.9996453894079151,0.9999998830635799,0.999973099838263,0.999709997437781,0.9999990768178026,0.9999076324387606,0.9999955958574072
4.150404757850477,0.9999999999999453,0.9999996954690616,0.9999753017777494,0.999787801310387,0.9999999449811715,0.9999852899325682,0.999827680285911,0.999999541470791,0.9999472389176226,0.9999977098825548
4.347013158125026,0.9999999999999807,0.9999998529417287,0.9999864883465558,0.9998749082386993,0.9999999745153751,0.999992078169356,0.9998991297197253,0.9999997757434207,0.999970312127454,0.9999988271071165
4.552935074866948,0.9999999999999933,0.9999999300728867,0.9999927192198621,0.9999273444629404,0.9999999883767456,0.999995798003147,0.9999418238816271,0.9999998919835134,0.9999835421770095,0.9999994082744058
4.768611697714469,0.9999999999999977,0.9999999672533904,0.9999961351525886,0.9999584173393206,0.9999999947793305,0.9999978043497194,0.9999669380633783,0.9999999487540383,0.9999910103806492,0.9999997059020019
4.99450511585514,0.9999999999999992,0.9999999848954286,0.9999979787452455,0.9999765468865612,0.9999999976904344,0.9999988696919565,0.9999814836942708,0.9999999760501269,0.9999951613361094,0.9999998559829281
5.2310993080562636,0.9999999999999998,0.9999999931369074,0.9999989584378397,0.9999869633166856,0.9999999989935594,0.9999994266793162,0.9999897798783581,0.9999999889728776,0.999997433404438,0.99999993051041
5.478901179593945,0.9999999999999999,0.9999999969278586,0.99999947111789,0.9999928576791064,0.9999999995679437,0.9999997134506031,0.9999944401860383,0.9999999949976826,0.9999986582742805,0.9999999669602191
5.738441648302393,1.0,0.9999999986451028,0.9999997353511021,0.9999961430952904,0.9999999998172653,0.9999998588664086,0.9999970188196177,0.9999999977640649,0.9999993087014908,0.9999999845193599
6.010276782070382,1.0,0.999999999411233,0.999999869490672,0.9999979470296398,0.999999999923852,0.9999999314964617,0.9999984243610954,0.9999999990151961,0.9999996489412221,0.9999999928518543
6.294988990221888,1.0,0.9999999997478982,0.9999999365704705,0.9999989228317681,0.9999999999687337,0.9999999672308179,0.9999991791226763,0.9999999995725726,0.9999998242807381,0.9999999967471405
6.593188271333548,1.0,0.9999999998936291,0.999999969616745,0.9999994428771867,0.9999999999873499,0.9999999845509177,0.9999995784372027,0.9999999998171846,0.9999999133050098,0.9999999985411311
6.905513520162331,1.0,0.9999999999557718,0.9999999856556406,0.9999997159521483,0.9999999999949566,0.9999999928214692,0.9999997865897419,0.9999999999229426,0.9999999578390066,0.9999999993551552
7.2326338964835335,1.0,0.9999999999818775,0.9999999933251652,0.999999857239033,0.9999999999980185,0.9999999967124461,0.9999998935019843,0.9999999999679907,0.9999999797896076,0.9999999997190759
7.575250258771913,1.0,0.9999999999926821,0.9999999969386105,0.9999999292694308,0.9999999999992328,0.999999998516044,0.9999999476106205,0.9999999999868959,0.9999999904503212,0.9999999998793792
7.934096665797492,1.0,0.9999999999970878,0.9999999986160524,0.9999999654549981,0.9999999999997072,0.9999999993397863,0.9999999745948803,0.999999999994713,0.9999999955521061,0.9999999999489543
8.309941949353396,1.0,0.9999999999988578,0.9999999993833389,0.9999999833680532,0.99999999999989,0.9999999997104881,0.999999987855631,0.9999999999978977,0.9999999979579236,0.9999999999787087
8.703591361485167,1.0,0.9999999999995586,0.9999999997291676,0.9999999921063274,0.9999999999999593,0.9999999998748681,0.9999999942772758,0.9999999999991761,0.9999999990758537,0.9999999999912471
9.115888299750829,1.0,0.9999999999998318,0.9999999998827582,0.9999999963069021,0.9999999999999851,0.9999999999466922,0.9999999973417093,0.9999999999996818,0.9999999995877514,0.9999999999964535
9.547716114208056,1.0,0.9999999999999368,0.9999999999499746,0.9999999982967628,0.9999999999999947,0.9999999999776162,0.9999999987827749,0.9999999999998789,0.9999999998187303,0.9999999999985837
10.0,1.0,0.9999999999999767,0.9999999999789609,0.9999999992256658,0.9999999999999981,0.9999999999907361,0.9999999994505797,0.9999999999999546,0.9999999999214337,0.9999999999994426
