AvgSa(1.5s) (g),DS1|Und,DS2|Und,DS3|Und,DS4|Und,DS2|DS1,DS3|DS1,DS4|DS1,DS3|DS2,DS4|DS2,DS4|DS3
0.001,3.38233102634939e-14,3.38233102634939e-14,3.38233102634939e-14,3.38233102634939e-14,4.5291499265986016e-07,4.5291499265986016e-07,4.5291499265986016e-07,0.0001297927626389262,0.0001297927626389262,0.002675903794370044
0.0010473708979594498,4.063846535864678e-14,4.063846535864678e-14,4.063846535864678e-14,4.063846535864678e-14,4.529149996460721e-07,4.529149996460721e-07,4.529149996460721e-07,0.00012979276264618234,0.00012979276264618234,0.002675903794377598
0.001096985797892384,4.882682545973097e-14,4.882682545973097e-14,4.882682545973097e-14,4.882682545973097e-14,4.5291500803995577e-07,4.5291500803995577e-07,4.5291500803995577e-07,0.00012979276265490052,0.00012979276265490052,0.002675903794386674
0.0011489510001873086,5.866508155352206e-14,5.866508155352206e-14,5.866508155352206e-14,5.866508155352206e-14,4.5291501812514694e-07,4.5291501812514694e-07,4.5291501812514694e-07,0.00012979276266537535,0.00012979276266537535,0.002675903794397579
0.0012033778407775893,7.04856758815869e-14,7.04856758815869e-14,7.04856758815869e-14,7.04856758815869e-14,4.52915030242432e-07,4.52915030242432e-07,4.52915030242432e-07,0.0001297927626779608,0.0001297927626779608,0.0026759037944106808
0.0012603829296797275,8.468803541935702e-14,8.468803541935702e-14,8.468803541935702e-14,8.468803541935702e-14,4.5291504480126334e-07,4.5291504480126334e-07,4.5291504480126334e-07,0.0001297927626930821,0.0001297927626930821,0.0026759037944264225
0.001320088400831418,1.0175206882089029e-13,1.0175206882089029e-13,1.0175206882089029e-13,1.0175206882089029e-13,4.5291506229359506e-07,4.5291506229359506e-07,4.5291506229359506e-07,0.00012979276271125024,0.00012979276271125024,0.0026759037944453366
0.0013826221737646563,1.2225438290146803e-13,1.2225438290146803e-13,1.2225438290146803e-13,1.2225438290146803e-13,4.529150833105065e-07,4.529150833105065e-07,4.529150833105065e-07,0.00012979276273307916,0.00012979276273307916,0.0026759037944680615
0.001448118227674533,1.468877666254405e-13,1.468877666254405e-13,1.468877666254405e-13,1.468877666254405e-13,4.529151085621753e-07,4.529151085621753e-07,4.529151085621753e-07,0.00012979276275930642,0.00012979276275930642,0.002675903794495365
0.0015167168884709225,1.7648460097826755e-13,1.7648460097826755e-13,1.7648460097826755e-13,1.7648460097826755e-13,4.5291513890187473e-07,4.5291513890187473e-07,4.5291513890187473e-07,0.00012979276279081832,0.00012979276279081832,0.0026759037945281706
0.0015885651294280528,2.1204498576032802e-13,2.1204498576032802e-13,2.1204498576032802e-13,2.1204498576032802e-13,4.5291517535480657e-07,4.5291517535480657e-07,4.5291517535480657e-07,0.0001297927628286796,0.0001297927628286796,0.0026759037945675856
0.001663816886076129,2.547705337285159e-13,2.547705337285159e-13,2.547705337285159e-13,2.547705337285159e-13,4.5291521915274347e-07,4.5291521915274347e-07,4.5291521915274347e-07,0.0001297927628741697,0.0001297927628741697,0.0026759037946149427
0.0017426333860096508,3.061049740156415e-13,3.061049740156415e-13,3.061049740156415e-13,3.061049740156415e-13,4.5291527177565137e-07,4.5291527177565137e-07,4.5291527177565137e-07,0.00012979276292882569,0.00012979276292882569,0.002675903794671842
0.0018251834943190425,3.677829368484302e-13,3.677829368484302e-13,3.677829368484302e-13,3.677829368484302e-13,4.5291533500169886e-07,4.5291533500169886e-07,4.5291533500169886e-07,0.00012979276299449448,0.00012979276299449448,0.0026759037947402062
0.0019116440753857017,4.418885680372607e-13,4.418885680372607e-13,4.418885680372607e-13,4.418885680372607e-13,4.5291541096734263e-07,4.5291541096734263e-07,4.5291541096734263e-07,0.00012979276307339507,0.00012979276307339507,0.0026759037948223454
0.0020022003718155844,5.309259538663432e-13,5.309259538663432e-13,5.309259538663432e-13,5.309259538663432e-13,4.529155022395203e-07,4.529155022395203e-07,4.529155022395203e-07,0.0001297927631681936,0.0001297927631681936,0.0026759037949210347
0.002097046401323233,6.379037360955545e-13,6.379037360955545e-13,6.379037360955545e-13,6.379037360955545e-13,4.5291561190238895e-07,4.5291561190238895e-07,4.5291561190238895e-07,0.00012979276328209329,0.00012979276328209329,0.0026759037950396095
0.002196385372416547,7.664367762799082e-13,7.664367762799082e-13,7.664367762799082e-13,7.664367762799082e-13,4.529157436615413e-07,4.529157436615413e-07,4.529157436615413e-07,0.000129792763418943,0.000129792763418943,0.0026759037951820763
0.002300430119772917,9.208683047222811e-13,9.208683047222811e-13,9.208683047222811e-13,9.208683047222811e-13,4.529159019692204e-07,4.529159019692204e-07,4.529159019692204e-07,0.0001297927635833669,0.0001297927635833669,0.002675903795353249
0.0024094035602395245,1.1064166815663953e-12,1.1064166815663953e-12,1.1064166815663953e-12,1.1064166815663953e-12,4.529160921747645e-07,4.529160921747645e-07,4.529160921747645e-07,0.0001297927637809211,0.0001297927637809211,0.0026759037955589116
0.0025235391704347657,1.3293517292003383e-12,1.3293517292003383e-12,1.3293517292003383e-12,1.3293517292003383e-12,4.529163207053653e-07,4.529163207053653e-07,4.529163207053653e-07,0.00012979276401828103,0.00012979276401828103,0.002675903795806014
0.0026430814869741054,1.5972065943781622e-12,1.5972065943781622e-12,1.5972065943781622e-12,1.5972065943781622e-12,4.529165952832476e-07,4.529165952832476e-07,4.529165952832476e-07,0.00012979276430346727,0.00012979276430346727,0.0026759037961029053
0.0027682866303920667,1.9190322990436434e-12,1.9190322990436434e-12,1.9190322990436434e-12,1.9190322990436434e-12,4.5291692518660927e-07,4.5291692518660927e-07,4.5291692518660927e-07,0.00012979276464611652,0.00012979276464611652,0.0026759037964596186
0.002899422853882875,2.3057035813242685e-12,2.3057035813242685e-12,2.3057035813242685e-12,2.3057035813242685e-12,4.5291732156313866e-07,4.5291732156313866e-07,4.5291732156313866e-07,0.00012979276505780714,0.00012979276505780714,0.0026759037968882068
0.0030367711180354575,2.7702863612981e-12,2.7702863612981e-12,2.7702863612981e-12,2.7702863612981e-12,4.529177978067036e-07,4.529177978067036e-07,4.529177978067036e-07,0.00012979276555245047,0.00012979276555245047,0.0026759037974031525
0.0031806256927941192,3.328479248484209e-12,3.328479248484209e-12,3.328479248484209e-12,3.328479248484209e-12,4.5291837000994054e-07,4.5291837000994054e-07,4.5291837000994054e-07,0.0001297927661467609,0.0001297927661467609,0.0026759037980218564
0.0033312947879346735,3.999144009934607e-12,3.999144009934607e-12,3.999144009934607e-12,3.999144009934607e-12,4.5291905750803694e-07,4.5291905750803694e-07,4.5291905750803694e-07,0.00012979276686082063,0.00012979276686082063,0.002675903798765224
0.0034891012134067737,4.804942923852347e-12,4.804942923852347e-12,4.804942923852347e-12,4.804942923852347e-12,4.529198835320825e-07,4.529198835320825e-07,4.529198835320825e-07,0.0001297927677187583,0.0001297927677187583,0.0026759037996583754
0.0036543830709572546,5.773104555405181e-12,5.773104555405181e-12,5.773104555405181e-12,5.773104555405181e-12,4.5292087599406496e-07,4.5292087599406496e-07,4.5292087599406496e-07,0.00012979276874956424,0.00012979276874956424,0.0026759038007314905
0.003827494478516311,6.9363438308883855e-12,6.9363438308883855e-12,6.9363438308883855e-12,6.9363438308883855e-12,4.529220684300383e-07,4.529220684300383e-07,4.529220684300383e-07,0.00012979276998807023,0.00012979276998807023,0.0026759038020208303
0.004008806328898464,8.333967500249957e-12,8.333967500249955e-12,8.333967500249955e-12,8.333967500249955e-12,4.529235011333313e-07,4.529235011333313e-07,4.529235011333313e-07,0.00012979277147612633,0.00012979277147612633,0.002675903803569963
0.00419870708444391,1.0013202342408587e-11,1.0013202342408584e-11,1.0013202342408584e-11,1.0013202342408584e-11,4.529252225160904e-07,4.529252225160904e-07,4.529252225160904e-07,0.00012979277326401507,0.00012979277326401507,0.002675903805431235
0.004397603609302721,1.2030790994442416e-11,1.2030790994442407e-11,1.2030790994442407e-11,1.2030790994442407e-11,4.529272907451631e-07,4.529272907451631e-07,4.529272907451631e-07,0.0001297927754121506,0.0001297927754121506,0.0026759038076675395
0.004605922041145104,1.4454909328945219e-11,1.4454909328945188e-11,1.4454909328945188e-11,1.4454909328945188e-11,4.5292977570760084e-07,4.5292977570760084e-07,4.5292977570760084e-07,0.0001297927779931201,0.0001297927779931201,0.002675903810354444
0.004824108704165369,1.7367470169205718e-11,1.7367470169205617e-11,1.7367470169205617e-11,1.7367470169205617e-11,4.52932761372196e-07,4.52932761372196e-07,4.52932761372196e-07,0.00012979278109413644,0.00012979278109413644,0.00267590381358274
0.00505263106533568,2.0866891186517253e-11,2.0866891186516937e-11,2.0866891186516937e-11,2.0866891186516937e-11,4.529363486268519e-07,4.529363486268519e-07,4.529363486268519e-07,0.00012979278481998544,0.00012979278481998544,0.002675903817461515
0.005291978735958442,2.507142050899892e-11,2.507142050899792e-11,2.507142050899792e-11,2.507142050899792e-11,4.529406586876629e-07,4.529406586876629e-07,4.529406586876629e-07,0.00012979278929656636,0.00012979278929656636,0.0026759038221218353
0.005542664520663107,3.0123132416806327e-11,3.01231324168032e-11,3.01231324168032e-11,3.01231324168032e-11,4.5294583719489935e-07,4.5294583719489935e-07,4.5294583719489935e-07,0.0001297927946751463,0.0001297927946751463,0.0026759038277211766
0.005805225516094896,3.6192728141347484e-11,3.619272814133782e-11,3.619272814133782e-11,3.619272814133782e-11,4.5295205913430437e-07,4.5295205913430437e-07,4.5295205913430437e-07,0.00012979280113747162,0.00012979280113747162,0.0026759038344487452
0.006080224261649427,4.348530399120774e-11,4.348530399117826e-11,4.348530399117826e-11,4.348530399117826e-11,4.529595347499966e-07,4.529595347499966e-07,4.529595347499966e-07,0.0001297928089019093,0.0001297928089019093,0.002675903842531871
0.006368249944718587,5.224728171419105e-11,5.224728171410221e-11,5.224728171410221e-11,5.224728171410221e-11,4.52968516648781e-07,4.52968516648781e-07,4.52968516648781e-07,0.00012979281823082562,0.00012979281823082562,0.0026759038522436883
0.006669919663030122,6.277473527776698e-11,6.277473527750253e-11,6.277473527750253e-11,6.277473527750253e-11,4.529793083359267e-07,4.529793083359267e-07,4.529793083359267e-07,0.00012979282943945185,0.00012979282943945185,0.0026759038639123677
0.0069858797467852495,7.542339543626737e-11,7.542339543548973e-11,7.542339543548973e-11,7.542339543548973e-11,4.5299227447084394e-07,4.5299227447084394e-07,4.5299227447084394e-07,0.0001297928429065361,0.0001297928429065361,0.0026759038779322025
0.007316807143427192,9.062067014696411e-11,9.06206701447053e-11,9.06206701447053e-11,9.06206701447053e-11,4.5300785318920556e-07,4.5300785318920556e-07,4.5300785318920556e-07,0.00012979285908714148,0.00012979285908714148,0.002675903894776934
0.007663410868007463,1.0888008701442132e-10,1.0888008700794015e-10,1.0888008700794015e-10,1.0888008700794015e-10,4.5302657090788885e-07,4.5302657090788885e-07,4.5302657090788885e-07,0.00012979287852802314,0.00012979287852802314,0.002675903915015758
0.008026433522257174,1.3081864578519937e-10,1.3081864576682963e-10,1.3081864576682963e-10,1.3081864576682963e-10,4.530490601130065e-07,4.530490601130065e-07,4.530490601130065e-07,0.0001297929018861034,0.0001297929018861034,0.00267590393933256
0.008406652885618326,1.5717766724914052e-10,1.5717766719770883e-10,1.5717766719770883e-10,1.5717766719770883e-10,4.530760807320988e-07,4.530760807320988e-07,4.530760807320988e-07,0.00012979292995066974,0.00012979292995066974,0.0026759039685490243
0.008804883581643464,1.8884784305308088e-10,1.8884784291083575e-10,1.8884784291083575e-10,1.8884784291083575e-10,4.531085458126699e-07,4.531085458126699e-07,4.531085458126699e-07,0.00012979296367004547,0.00012979296367004547,0.0026759040036523967
0.009221978823334321,2.2689933289358718e-10,2.2689933250496785e-10,2.2689933250496785e-10,2.2689933250496785e-10,4.531475523747652e-07,4.531475523747652e-07,4.531475523747652e-07,0.00012979300418363424,0.00012979300418363424,0.002675904045828848
0.009658832241158708,2.726179261320811e-10,2.726179250832799e-10,2.726179250832799e-10,2.726179250832799e-10,4.5319441848012224e-07,4.5319441848012224e-07,4.5319441848012224e-07,0.00012979305286042134,0.00012979305286042134,0.0026759040965035523
0.01011637979766207,3.2754848985209495e-10,3.275484870560426e-10,3.275484870560426e-10,3.275484870560426e-10,4.532507277704907e-07,4.532507277704907e-07,4.532507277704907e-07,0.0001297931113452329,0.0001297931113452329,0.002675904157388847
0.010595601792776159,3.9354717172817697e-10,3.935471643647102e-10,3.935471643647102e-10,3.935471643647102e-10,4.53318382980105e-07,4.53318382980105e-07,4.53318382980105e-07,0.00012979318161431566,0.00012979318161431566,0.0026759042305420934
0.011097524964120722,4.728441222367135e-10,4.728441030806658e-10,4.728441030806657e-10,4.728441030806657e-10,4.5339967023053716e-07,4.5339967023053716e-07,4.5339967023053716e-07,0.00012979326604211597,0.00012979326604211597,0.0026759043184351955
0.011623224686798524,5.681188569845077e-10,5.681188077558811e-10,5.681188077558809e-10,5.681188077558809e-10,4.5349733628050274e-07,4.5349733628050274e-07,4.5349733628050274e-07,0.00012979336748151417,0.00012979336748151417,0.002675904424038129
0.012173827277396614,6.82590808915942e-10,6.825906839419887e-10,6.82590683941988e-10,6.82590683941988e-10,4.5361468134094986e-07,4.536146813409498e-07,4.536146813409498e-07,0.00012979348936022553,0.00012979348936022553,0.0026759045509192982
0.012750512407130135,8.201281377892169e-10,8.201278243790413e-10,8.201278243790391e-10,8.201278243790391e-10,4.537556705917241e-07,4.53755670591724e-07,4.53755670591724e-07,0.0001297936357966254,0.0001297936357966254,0.0026759047033661156
0.013354515629298987,9.853784912492713e-10,9.8537771482276e-10,9.853777148227532e-10,9.853777148227532e-10,4.539250681680442e-07,4.5392506816804386e-07,4.5392506816804386e-07,0.00012979381173891245,0.00012979381173891245,0.002675904886529876
0.013987131026472387,1.1839261762901826e-09,1.1839242761604576e-09,1.1839242761604369e-09,1.1839242761604369e-09,4.5412859814429243e-07,4.5412859814429153e-07,4.5412859814429153e-07,0.0001297940231323118,0.0001297940231323118,0.002675905106599824
0.014649713983072856,1.4224811431015722e-09,1.4224765493890942e-09,1.4224765493890315e-09,1.4224765493890315e-09,4.5437313795488767e-07,4.54373137954885e-07,4.54373137954885e-07,0.00012979427711996898,0.00012979427711996898,0.0026759053710122926
0.015343684089300124,1.7091063702130903e-09,1.70909539926565e-09,1.7090953992654628e-09,1.7090953992654628e-09,4.5466695078807917e-07,4.546669507880716e-07,4.546669507880716e-07,0.00012979458228432227,0.00012979458228432227,0.0026759056887019823
0.01607052818261639,2.0534917808229556e-09,2.0534658971193905e-09,2.053465897118838e-09,2.053465897118838e-09,4.5501996480542715e-07,4.550199648054057e-07,4.550199648054057e-07,0.0001297949489371098,0.0001297949489371098,0.0026759060704038716
0.016831803533309566,2.4672849140175438e-09,2.4672245868501587e-09,2.467224586848547e-09,2.467224586848547e-09,4.5544410862201227e-07,4.554441086219524e-07,4.554441086219524e-07,0.00012979538946781115,0.00012979538946781115,0.002675906529015961
0.01762914118095948,2.9644915938975863e-09,2.9643526926806303e-09,2.964352692675988e-09,2.964352692675988e-09,4.5595371438351257e-07,4.559537143833473e-07,4.559537143833473e-07,0.00012979591876229737,0.00012979591876229737,0.0026759070800351057
0.018464249428955436,3.561964498084511e-09,3.561648555453168e-09,3.561648555439958e-09,3.5616485554399574e-09,4.5656600206044593e-07,4.565660020599952e-07,4.565660020599952e-07,0.00012979655470583606,0.00012979655470583606,0.002675907742080666
0.01933891750455231,4.280005202095663e-09,4.279295261455432e-09,4.279295261418302e-09,4.2792952614183015e-09,4.5730166132429163e-07,4.5730166132307747e-07,4.5730166132307747e-07,0.0001297973187874481,0.0001297973187874481,0.0026759085375236704
0.020255019392306676,5.143118622355328e-09,5.141542644387663e-09,5.141542644284572e-09,5.1415426442845695e-09,4.581855506676302e-07,4.5818555066439915e-07,4.5818555066439915e-07,0.00012979823682603825,0.00012979823682603825,0.002675909493242749
0.021214517849106298,6.18098287766278e-09,6.1775267058465015e-09,6.177526705563756e-09,6.177526705563748e-09,4.592475373923609e-07,4.5924753738386734e-07,4.592475373838673e-07,0.00012979933984283583,0.0001297993398428358,0.0026759106415323837
0.02221946860939524,7.429742050951893e-09,7.4222541431893805e-09,7.422254142423341e-09,7.422254142423315e-09,4.605235068504674e-07,4.605235068284114e-07,4.605235068284113e-07,0.00012980066510962556,0.00012980066510962545,0.002675912021194163
0.023272024789604086,8.933812120475768e-09,8.917785252786117e-09,8.917785250735944e-09,8.917785250735866e-09,4.620565750418668e-07,4.620565749852887e-07,4.620565749852883e-07,0.0001298022574081898,0.00012980225740818953,0.002675913678847918
0.024374441501222206,1.0748544509616623e-08,1.0714655180015826e-08,1.0714655174595637e-08,1.0714655174595405e-08,4.638985455475838e-07,4.638985454042128e-07,4.638985454042118e-07,0.00012980417054351932,0.00012980417054351856,0.00267591567050704
0.025529080682395178,1.294437722194063e-08,1.2873581541525233e-08,1.287358152736978e-08,1.2873581527369098e-08,4.66111660037684e-07,4.6611165967879004e-07,4.661116596787871e-07,0.00012980646916192494,0.00012980646916192293,0.00267591806347122
0.026738416158399468,1.561362730043578e-08,1.5467516122589048e-08,1.5467516086069904e-08,1.5467516086067926e-08,4.6877070152482324e-07,4.6877070063733055e-07,4.68770700637322e-07,0.0001298092309354861,0.00012980923093548082,0.0026759209386005515
0.02800503894183631,1.888202789630643e-08,1.8584109980373768e-08,1.858410988730447e-08,1.858410988729878e-08,4.7196552147939875e-07,4.719655193113985e-07,4.7196551931137445e-07,0.00012981254918665057,0.00012981254918663672,0.0026759243930478565
0.02933166278390044,2.292881178524509e-08,2.2328675256512463e-08,2.232867502220663e-08,2.2328675022190473e-08,4.758040763020223e-07,4.758040710702152e-07,4.7580407107014815e-07,0.00012981653604167314,0.00012981653604163742,0.0026759285435415552
0.030721129988617576,2.802213803827122e-08,2.6827743794237524e-08,2.68277432115276e-08,2.6827743211482297e-08,4.804160759863189e-07,4.804160635140895e-07,4.804160635139048e-07,0.0001298213262194536,0.00012982132621936255,0.0026759335303300044
0.03217641750250737,3.458185959873813e-08,3.223334283927034e-08,3.2233341407688294e-08,3.223334140756282e-08,4.859573687641542e-07,4.859573393918102e-07,4.85957339391307e-07,0.0001298270815838059,0.0001298270815835766,0.002675939521920597
0.03370064329271928,4.3290520905651015e-08,3.8728132373765e-08,3.872812889939125e-08,3.872812889904797e-08,4.926152109779944e-07,4.926151426438838e-07,4.926151426425303e-07,0.00012983399661299703,0.00012983399661242663,0.002675946720773759
0.0352970730273065,5.528843041957209e-08,4.6531577834937426e-08,4.653156950512355e-08,4.65315695041958e-08,5.00614602566876e-07,5.006144455149509e-07,5.006144455113542e-07,0.00012984230497140514,0.0001298423049700034,0.0026759553701442428
0.036969127071950283,7.251339368553469e-08,5.5907367146711255e-08,5.590734741818615e-08,5.590734741570937e-08,5.102259071140254e-07,5.102255505330156e-07,5.102255505235745e-07,0.00012985228740542632,0.00012985228740202337,0.0026759657623009058
0.03872038781812555,9.828592725148838e-08,6.717232344871408e-08,6.717227728968574e-08,6.717227728315409e-08,5.217740240385001e-07,5.217732242319964e-07,5.21773224207515e-07,0.00012986428123059308,0.00012986428122243208,0.0026759782484027414
0.040554607358408296,1.3830506817753882e-07,8.070711631726198e-08,8.070700962727696e-08,8.07070096102616e-08,5.356494435079128e-07,5.356476712534628e-07,5.356476711907537e-07,0.00012987869173082105,0.00012987869171148675,0.0026759932503649065
0.04247571552536898,2.023208001981485e-07,9.696913686426914e-08,9.696889325268992e-08,9.696889320890315e-08,5.523215992301962e-07,5.523177196529909e-07,5.523177194943134e-07,0.00012989600585571604,0.00012989600581046615,0.002676011275115808
0.04448782831127585,3.0690456991704745e-07,1.165079789685768e-07,1.1650742945062715e-07,1.1650742933931843e-07,5.723550529750651e-07,5.723466629594327e-07,5.723466625628005e-07,0.00012991680868037957,0.00012991680857576035,0.0026760329317271772
0.046595256686646824,4.799742949232475e-07,1.399840645738148e-07,1.3998284001960348e-07,1.399828397400908e-07,5.964292195271022e-07,5.964112943202845e-07,5.964112933409054e-07,0.00012994180318728573,0.00012994180294833248,0.0026760589519963986
0.04880251583654431,7.680782933408665e-07,1.681910724715346e-07,1.6818837666380607e-07,1.6818837597044184e-07,6.253626107802197e-07,6.253247759556259e-07,6.253247735666833e-07,0.0001299718340457422,0.0001299718335065738,0.0026760902151774886
0.051114334834401684,1.2479475165382595e-06,2.020829885703871e-07,2.0207712560594897e-07,2.0207712390688283e-07,6.601430116518898e-07,6.600641168010002e-07,6.600641110445578e-07,0.0001300079162070196,0.0001300079150051747,0.002676127777698339
0.053535666774107246,2.044542244197801e-06,2.428068102031035e-07,2.427942132405653e-07,2.427942091276514e-07,7.019657188717051e-07,7.018031870672784e-07,7.018031733648377e-07,0.0001300512693109543,0.00013005126666435895,0.002676172908872515
0.05607169938205458,3.3588135401086725e-06,2.9174223977961665e-07,2.917155012491008e-07,2.9171549141395143e-07,7.522831849476728e-07,7.51952385833936e-07,7.519523536129542e-07,0.0001301033591257863,0.00013010335336814628,0.002676227133820883
0.05872786613189483,5.509744766091797e-06,3.505501497151528e-07,3.5049407909612033e-07,3.5049405586308825e-07,8.128714695824429e-07,8.122063032296595e-07,8.122062283819539e-07,0.00013016594753813377,0.0001301659351637905,0.0026762922850709927
0.061509857885805014,8.997009711460255e-06,4.212322873185936e-07,4.2111612577011465e-07,4.2111607155429623e-07,8.859224075320685e-07,8.846009902206699e-07,8.846008184618851e-07,0.00013024115300893342,0.00013024112673510032,0.0026763705646133213
0.06442363508721373,1.4592847987122878e-05,5.062057809629823e-07,5.059680302167545e-07,5.05967905236045e-07,9.741763435481785e-07,9.715827764269714e-07,9.715823870573366e-07,0.000130331523972168,0.0001303314688595048,0.0026764646185821485
0.06747544053110693,2.3474556349640883e-05,6.083977900977497e-07,6.079170424275784e-07,6.079167578121224e-07,1.0811202652914929e-06,1.0760909722365098e-06,1.0760901002499008e-06,0.00013044012847529903,0.0001304400142639611,0.002676577627223731
0.07067181273927492,3.741231873264441e-05,7.313685877876681e-07,7.304081886372896e-07,7.304075483509626e-07,1.2112927374252188e-06,1.2016572720063962e-06,1.2016553428644796e-06,0.00013057066461198097,0.00013057043078199684,0.002676713413461284
0.07401959996915644,5.903086089902287e-05,8.794762661072886e-07,8.775807423446585e-07,8.775793193869601e-07,1.370764189707718e-06,1.352525262038769e-06,1.3525210457802592e-06,0.00013072759826383753,0.00013072712530017925,0.002676876574239101
0.0775259748862946,9.216741553346326e-05,1.058104402886141e-06,1.0544082210357932e-06,1.0544050970174957e-06,1.5679049287763378e-06,1.5337941604910286e-06,1.5337850571441082e-06,0.00013091633782628663,0.0001309153926876916,0.002677072640049635
0.08119844993184012,0.00014235236447597056,1.2739874937501818e-06,1.2668667076004245e-06,1.2668599321088755e-06,1.8146228286551588e-06,1.7515918201733068e-06,1.75157240291361e-06,0.00013114346073328178,0.00013114159475284868,0.00267730826982141
0.08504489341802678,0.0002174421421733929,1.535690994891686e-06,1.5221373187486156e-06,1.5221228017916711e-06,2.128361291432162e-06,2.0132831751859673e-06,2.0132422594850476e-06,0.00013141701500373075,0.00013141337529705378,0.002677591491011558
0.0890735463861044,0.0003284357815485,1.8543384650597476e-06,1.8288499229298929e-06,1.828819195953011e-06,2.5353146545386085e-06,2.3277218110495178e-06,2.3276366365586067e-06,0.00013174693276839816,0.00013173991858039517,0.0026779319988653066
0.09329304026284686,0.0004905058901436028,2.244735125474157e-06,2.197376841502092e-06,2.1973125911510227e-06,3.075568905635632e-06,2.7055543485948386e-06,2.7053791829497218e-06,0.00013214561503929748,0.000132132260026822,0.0026783415352930906
0.09771241535346496,0.0007242707105536615,2.7271263647692864e-06,2.640187394998195e-06,2.6400546724823567e-06,3.811245445422388e-06,3.1595901179852952e-06,3.1592342322734386e-06,0.00013262878284652004,0.00013260365985225039,0.002678834378154003
0.10234114021054527,0.0010573249957256492,3.3299674135057263e-06,3.172277011888895e-06,3.1720061616783862e-06,4.839260201593936e-06,3.705252588780488e-06,3.704538262119765e-06,0.00013321674682446896,0.00013317005259614573,0.0026794279882724433
0.10718913192051276,0.0015260325058847359,4.094289185875229e-06,3.8116885694073265e-06,3.8111425208001805e-06,6.31106625337357e-06,4.361134908667989e-06,4.35971842892691e-06,0.00013393633649639244,0.0001338505884210209,0.0026801438879196717
0.11226677735108136,0.0021775610344827003,5.080555891391494e-06,4.580149278262243e-06,4.579061718562931e-06,8.462792299423729e-06,5.1496908041935615e-06,5.1469158638778025e-06,0.00013482386788893016,0.00013466828573117584,0.0026810088863738727
0.1175849554052157,0.0030721115067065138,6.3793629929556275e-06,5.50385470707253e-06,5.501714790976452e-06,1.1660596131122066e-05,6.098105789578894e-06,6.092735108977572e-06,0.00013592973615505376,0.00013565081948266347,0.0026820568339364467
0.12315506032928261,0.004285256147154239,8.12797088445682e-06,6.614443982423239e-06,6.610284259327567e-06,1.646789673977059e-05,7.239414905440335e-06,7.229145623215635e-06,0.00013732552917767023,0.0001368314760250125,0.002683331187738931
0.1289890261253308,0.00591025831776176,1.0535572720889712e-05,7.950229178241214e-06,7.942240804579416e-06,2.3743494873385956e-05,8.613966376096118e-06,8.594566958926233e-06,0.00013911500900263662,0.0001382503142372898,0.002684888828416505
0.13509935211980265,0.008060201002137338,1.3921425732934066e-05,9.557771114617816e-06,9.542615244742769e-06,3.478247532875602e-05,1.027138215866877e-05,1.0235176379056894e-05,0.0001414509516525845,0.000139955585360341,0.002686805800726355
0.1414991297434576,0.010869706082227116,1.877160995921528e-05,1.1493938843116783e-05,1.146553126427588e-05,5.151518756128958e-05,1.2273246043606786e-05,1.2206486922831047e-05,0.00014456073465480917,0.0001420054822561592,0.0026891859965094984
0.14820207057988585,0.014495987891984991,2.5822287672265598e-05,1.3828659400959659e-05,1.377605515832231e-05,7.678342254840164e-05,1.4696871802340869e-05,1.4575256084772388e-05,0.00014878478694792138,0.00014447031589432107,0.0026921742982082743
0.1552225357427048,0.01911895848030008,3.617997241563895e-05,1.6648670248058186e-05,1.655243306606621e-05,0.00011471692058315812,1.7640687741703722e-05,1.7421801652967907e-05,0.0001546336436356512,0.0001474352573277916,0.002695976409692513
0.1625755666443795,0.024940095530013143,5.14924893396707e-05,2.0062746688766233e-05,1.9888805272731577e-05,0.00017123717489101272,2.12320472860481e-05,2.0842823847639175e-05,0.0001628714497095341,0.00015100384426092685,0.002700888583395669
0.17027691722258995,0.03217980363203437,7.418796029760536e-05,2.4209114908850367e-05,2.3898513432376734e-05,0.000254718564417592,2.5638674416343922e-05,2.495486474220176e-05,0.00017463638467912087,0.0001553025428178956,0.0027073417819760593
0.17834308769319093,0.04107305097390955,0.00010780311642021471,2.9266110974161007e-05,2.8718153445562763e-05,0.0003768383661921946,3.108552508462443e-05,2.9898581613057836e-05,0.000191611646189306,0.00016048679211774422,0.0027159665646732394
0.1867913599020783,0.05186314942734805,0.00015742622455952268,3.5467650312700016e-05,3.451257938203345e-05,0.0005536461623626012,3.787964942274812e-05,3.5844077174336736e-05,0.00021626427909662607,0.00016674916261941378,0.0027276872311810603
0.19563983435170648,0.06479366599130773,0.00023028343043237292,4.3125785024419776e-05,4.14811399190201e-05,0.0008068783967949126,4.644674328584541e-05,4.299762661714208e-05,0.0002521731084737985,0.0001743305575025296,0.0027438565331739683
0.20490746898158482,0.08009860275394255,0.0003364996818117142,5.266361290896713e-05,4.986553941715187e-05,0.0011655340954901657,5.738455686135975e-05,5.161028338748583e-05,0.0003044710312555331,0.00018353581758924348,0.0027664455726514646
0.21461411978584036,0.09799115148768597,0.0004900656941921222,6.466313598980054e-05,5.995987690253988e-05,0.0016677118515445548,7.154025785692255e-05,6.198905296164759e-05,0.00038043046446648043,0.00019475570324480512,0.0027983072672846665
0.22478058335487253,0.11865150373732274,0.0007100395576230464,7.993442411420484e-05,7.212365010404849e-05,0.002362685165433161,9.012128975345016e-05,7.451162430311062e-05,0.0004902231541778677,0.000208498081343893,0.002843535783805249
0.2354286414322418,0.14221436031446785,0.0010220043239357467,9.961469031594794e-05,8.679884856786482e-05,0.0033131627275315633,0.00011485225342363729,8.964607924635831e-05,0.0006478859173189822,0.00022543231192822616,0.0029079482781376887
0.2465811075822604,0.1687569160761947,0.001459790012301961,0.00012530867531656764,0.00010453273969577309,0.004597642647102899,0.00014819384837915425,0.00010797760847489897,0.0008725211197933172,0.0002464523841676816,0.0029997186056995064
0.2582618760682677,0.1982881776431735,0.002067448846874007,0.00015928506925389836,0.00012600862528768913,0.006312726476948546,0.00019364382481951246,0.000130245108142227,0.00118975355635991,0.0002727663699872333,0.003130194635529034
0.27049597304631345,0.23074048705812475,0.002901445512045451,0.0002047474943400256,0.00015208777613355418,0.008575212972962685,0.00025614398052781076,0.0001573916831815582,0.001633452640406305,0.00030602230748738715,0.00331493046053824
0.2833096101839324,0.26596406245612364,0.004032989773980547,0.00026620264626940507,0.00018386701069709392,0.011523747090226825,0.0003426210841129499,0.0001906346188783341,0.0022477093442386975,0.00034848372306421204,0.0035749610005154594
0.29673024081888694,0.30372522432788773,0.005550397931406393,0.00034995220834779437,0.0002227580490714207,0.015319762304554634,0.00046269261668996375,0.00023156237851646293,0.00308903045483172,0.0004032716194162702,0.003938337992213612
0.3107866187782014,0.34370875854245686,0.007561324403394489,0.00046473858731726537,0.0002705969208404475,0.020147430517538298,0.0006295695785931994,0.00028226870727081875,0.004228678396659692,0.0004746937723542621,0.004441931921973187
0.325508859983506,0.38552458978930787,0.010194658899055976,0.00062257663734792,0.00032979439486177826,0.026212330530485665,0.0008611872747019507,0.0003455370063582588,0.005755044049756385,0.0005686863379049883,0.005133483064983136
0.3409285069746811,0.42871862454654813,0.013601842998073276,0.0008398033832903802,0.0004035416536324103,0.03373856991480604,0.0011815897712894748,0.0004250917666687357,0.007775894798315769,0.000693396648463386,0.0060738558958393935
0.35707859649004625,0.4727873001225066,0.017957328744246524,0.0011383741788431332,0.0004960892144326237,0.04296415116685114,0.0016225833334624147,0.0005259379096569761,0.010420294004231901,0.0008599390454506133,0.007339414914059735
0.3739937302478798,0.5171950775757076,0.023457887888385497,0.0015474254733991557,0.0006131212654875492,0.05413446384909278,0.0022256574058452726,0.000654813141250752,0.013839946127422962,0.0010833568069439534,0.009024397598755528
0.39171014908092605,0.561393872193211,0.03032049058969369,0.002105110155643992,0.0007622518623795429,0.06749390891705616,0.0030441476779424093,0.000820782482042147,0.01820968992511953,0.0013838216184314904,0.011243114247088466
0.41026581058271944,0.6048432516160278,0.03877851262843504,0.0028606902324844283,0.0009536733652152025,0.0832758141701184,0.004145584115629378,0.0010360073922037237,0.02372684741732575,0.001788096371381363,0.014131758738716816
0.4297004704320839,0.6470301663269684,0.049076104391112346,0.0038768427695632336,0.001200990426872309,0.10169097062259114,0.005614128013955196,0.001316723535256561,0.03060914549969626,0.002331276054586692,0.01784957404498265
0.4500557675700497,0.6874870171850018,0.061460663823911445,0.005232098667816255,0.0015222738737179266,0.12291529408273462,0.007552957719559734,0.0016844601691727685,0.03909096620022738,0.003058803908392258,0.022579087915268317
0.4713753134116724,0.7258070056204066,0.07617349592180368,0.007023291091884077,0.0019413668381661935,0.14707727652144909,0.010086415595667636,0.00216752917688105,0.04941775459393348,0.004028734922183865,0.02852512456142036
0.4937047852839004,0.7616559386958839,0.09343890524463327,0.009367843567912235,0.0024894692202852473,0.17424601844972645,0.013361683385731436,0.0028028015097181897,0.06183852119630254,0.005314185814285518,0.035912314076422425
0.517092024289676,0.7947799492919042,0.11345214295221642,0.012405680697373935,0.003207014613284977,0.2044207076827476,0.01754971501652889,0.003637772016773013,0.07659651511925768,0.007005870336246629,0.04498086834553626
0.5415871378079471,0.8250089112397339,0.13636679954299297,0.01630050223925758,0.004145834950684341,0.23752241592866438,0.0228451316915781,0.004732889215127642,0.09391830768348203,0.009214572713505738,0.05598047364662742
0.5672426068491978,0.8522556483886217,0.16228237996324893,0.02124013029009578,0.005371581350317521,0.27338901269030197,0.029464780867663524,0.006164093965732354,0.11400170123947483,0.01207336323120705,0.06916226596931531
0.5941133984965034,0.8765113253424492,0.19123289963241644,0.02743562638844605,0.00696633454085211,0.3117738438591721,0.037644684925221376,0.008025470489461561,0.13700304842615457,0.015739312775603684,0.08476900111451888
0.6222570836730231,0.897837641221694,0.22317738077221425,0.03511888744076057,0.00903129531885038,0.35234859694745246,0.04763516208989388,0.010431865990730635,0.163024714195371,0.020394423239111593,0.10302369906841265
0.6517339604882427,0.9163566093618102,0.2579930953341639,0.04453847220413057,0.011689396292553327,0.39471049206251185,0.059693993901213896,0.013521283955605978,0.19210351729423436,0.026245464754318833,0.12411721772563064
0.6826071834272386,0.9322387874762675,0.2954722877322235,0.055953487324104434,0.015087623660758692,0.43839362132486714,0.0740776391246267,0.01745680498139465,0.22420103203552685,0.033522405778710296,0.1481953778938029
0.7149428986597577,0.9456908257018227,0.33532291993405955,0.06962547407463772,0.019398786318242416,0.482883938879447,0.09103064801580507,0.022427743168689007,0.25919660204055167,0.042475144689020826,0.17534640068053084
0.7488103857590023,0.9569431332718616,0.3771737248161413,0.08580838040081942,0.024822424871851424,0.527637110639132,0.11077360324587485,0.028649712159675305,0.29688380888699234,0.05336830688132427,0.2055895109001917
0.7842822061337682,0.9662383434593166,0.42058355120049984,0.10473686954406626,0.03158452190469372,0.5720981975773214,0.13349009033849613,0.036363259924965245,0.3369709523149029,0.066473962011727,0.23886558958734344
0.821434358491943,0.9738210994966648,0.46505466260705114,0.12661339396367194,0.039935664206876706,0.6157219935772926,0.1593133637405178,0.04583074232656455,0.37908584599423895,0.08206224109001553,0.2750307136015646
0.8603464416684501,0.9799295109147722,0.5100493423248622,0.15159463537118328,0.050147324557100956,0.6579927848528263,0.1883135057741439,0.05733114820840052,0.42278493355695146,0.10038998767447188,0.3138532963252277
0.9011018251665018,0.9847884582250903,0.5550088910801468,0.1797780602162078,0.06250598063574547,0.6984423484308437,0.22048595659260922,0.07115266716855623,0.46756641017176237,0.12168775213003667,0.3550153448034256
0.9437878277775381,0.9886047689866382,0.599373907972512,0.21118944652357804,0.0773048752963983,0.7366651564124684,0.25574230901395406,0.08758290625142014,0.5128867258886487,0.14614561964672715,0.3981180884738579
0.9884959046625587,0.9915641606491387,0.642604641026208,0.2457722864519348,0.09483334634179758,0.7723299843936161,0.29390420347545343,0.10689681108756319,0.5581795792045195,0.17389853551781365,0.4426919340601425
1.0353218432956626,0.9938297510775431,0.6842001915059123,0.28337994784637155,0.11536381240813455,0.8051874117974055,0.3347010235469178,0.1293425243777958,0.6028763102905277,0.20501193798004336,0.48821038742930584
1.0843659686896108,0.9955418778545922,0.7237154558012122,0.3237713826056221,0.13913668845885122,0.83507301900641,0.37777188815324764,0.15512561065046732,0.6464264936393399,0.23946861362888652,0.5341072863566556
1.135733358343105,0.9968189401516314,0.7607748788594165,0.3666110030481469,0.16634371076106777,0.8619063996974552,0.42267217790371225,0.18439227911458786,0.6883175204944878,0.2771577401028691,0.5797964375714426
1.1895340673703196,0.9977589773045993,0.7950823529817543,0.4114731209394284,0.19711036617960317,0.8856863876099187,0.468884541633441,0.21721243329032586,0.7280920522203733,0.31786706744635385,0.6246925720146644
1.2458833642950082,0.9984417198198825,0.8264268976479241,0.4578510757276378,0.2314783325090458,0.9064831216096321,0.5158340316340447,0.25356355430132543,0.7653624056398827,0.36127911141567665,0.6682324408875466
1.3049019780144029,0.9989308844313813,0.8546840690170883,0.5051708916724023,0.2693890338134016,0.9244277256827507,0.5629067390037927,0.2933165728467496,0.7998211796549597,0.40697209293701153,0.7098948785177002
1.3667163564620073,0.9992765284410716,0.8798133415843303,0.552809021822987,0.3106695859136341,0.9397004547087481,0.6094710677175782,0.33622499260665706,0.831247721753802,0.45442616602266583,0.7492187518082699
1.4314589375234785,0.999517324252363,0.9018519530434563,0.6001134810470636,0.35502253939792405,0.9525181546768804,0.6549006139897197,0.3819185841610214,0.8595103327609416,0.5030352406909195,0.7858178850192066
1.4992684327860455,0.9996826583918976,0.9209058876622753,0.6464274545025623,0.40202090302582427,0.9631218172517281,0.6985975131161852,0.42990295806149015,0.8845643888071518,0.5521244336056097,0.8193922697084335
1.5702901247293775,0.9997944974524704,0.9371387832358351,0.6911142967260526,0.4511099211537246,0.9717648887613619,0.7400150755915058,0.4795662237818935,0.9064467962572689,0.6009728661469964,0.8497351155939514
1.6446761779946644,0.9998689946355674,0.9507595812526628,0.7335827053832139,0.5016169412795853,0.9787028415006461,0.7786785458392786,0.5301937094769025,0.9252673716477143,0.6488411682835546,0.8767355427365963
1.7225859653987874,0.9999178343941645,0.9620097074246464,0.773310753076307,0.5527703811259279,0.9841843501003317,0.814202865243433,0.580991303767411,0.9411978481934893,0.6950026238693316,0.9003769392677615
1.8041864093920719,0.9999493293802788,0.971150485300565,0.8098673840198765,0.6037282181739855,0.9884442552922243,0.8463063963318659,0.6311173294048268,0.9544592573885334,0.7387764036804877,0.920731203596726
1.8896523396912097,0.9999692943465859,0.9784513684725249,0.8429299380178433,0.6536155207487014,0.9916983557295129,0.8748196712068845,0.6797219349119612,0.9653084317497527,0.779560798817079,0.9379492603700899
1.9791668678535574,0.9999817269923754,0.9841794464267195,0.8722962850321927,0.701569315552285,0.9941399546260595,0.8996883891459899,0.7259918203512405,0.9740243406374511,0.8168638605828538,0.9522484003126044
2.072921779595372,0.9999893272232658,0.9885905513458366,0.8978902999757612,0.7467876453926263,0.9959380053118125,0.9209701477853196,0.7691968294574867,0.9808949216958172,0.8503285070969075,0.9638971618221606
2.171117945694505,0.9999938850893004,0.9919221772552989,0.9197597530251973,0.788578262955983,0.9972366466153693,0.9388247930062117,0.8087338068868517,0.9862050142258286,0.8797491533134325,0.9731986516057793
2.2739657523579275,0.9999965647964255,0.9943883197250181,0.9380662898456118,0.826401420852746,0.9981558897476921,0.9534988306266037,0.8441625065943754,0.9902259340256676,0.9050774363716347,0.9804733735727892
2.381685551976158,0.9999981084660119,0.9961762482532186,0.9530680174298252,0.8599010934549276,0.9987932060659549,0.9653050148684256,0.8752286189543412,0.993207137309774,0.9264157260098762,0.9860427529287858
2.4945081352303164,0.9999989793456916,0.9974451271069562,0.9650961821191433,0.8889200203783143,0.9992257638679533,0.9745988957765082,0.9018703712940185,0.995370286865489,0.9439987327429437,0.9902145436709866
2.612675225563329,0.9999994603538198,0.9983263010185253,0.9745283150561465,0.9134962004476238,0.9995130693787089,0.9817545964190146,0.9242075363750442,0.9969058491124447,0.9581653427231095,0.9932711418946363
2.736439997074672,0.999999720404684,0.9989249661637556,0.9817607742114691,0.9338414754786003,0.9996997828239914,0.9871422310774418,0.9425145641887722,0.9979721293001929,0.9693243586473206,0.9954614867033603
2.8660676169482504,0.9999998580208043,0.9993228695126901,0.987183637380161,0.9503058693432624,0.9998185070700849,0.9911090791633262,0.957182185564508,0.9986964289039661,0.9779186670367992,0.9969967668143258
3.001835813575589,0.9999999293144497,0.9995816389314597,0.9911603553251198,0.963333554621375,0.9998923847945124,0.9939659418934165,0.968673491142205,0.9991778307594861,0.9843922413038141,0.9980496642952634
3.1440354715915,0.9999999654832935,0.9997463542316278,0.9940136004609942,0.9734171269157781,0.9999373883348699,0.995979203739227,0.9774807510069938,0.9994910226473532,0.989163393887162,0.9987564693273796
3.2929712550971515,0.9999999834599653,0.999849024982947,0.9960176165435035,0.9810561778085148,0.9999642385168759,0.997368234037067,0.9840881662957793,0.999690574341489,0.9926061514390139,0.999221172437964
3.44896226040576,0.999999992218022,0.9999117304868145,0.9973963812521786,0.986724355213555,0.9999799374081162,0.9983071015523007,0.988943802045729,0.9998151733837762,0.9950400083247584,0.9995206063973036
3.6123426997094303,0.9999999964030046,0.9999492794420098,0.9983262415083705,0.9908468410264536,0.9999889385222631,0.9989292431607641,0.9924417869204712,0.9998914670008039,0.9967270163460332,0.9997098351442043
3.7834626171319288,0.9999999983656777,0.999971340604582,0.998941435758094,0.9937881054594926,0.9999940029402696,0.9993337191286109,0.994914044066054,0.999937311656468,0.9978744079636832,0.9998272043533037
3.9626886387014784,0.9999999992696533,0.999984067045456,0.9993410169987991,0.9958483365384098,0.9999968011004391,0.9995919108406678,0.9966296543709671,0.9999643655179621,0.9986407365137252,0.9998987065999446
4.150404757850477,0.999999999678821,0.9999912803941543,0.999596004350508,0.9972662224431638,0.9999983203250815,0.9997538515032398,0.9977994931662904,0.9999800551570811,0.9991437162996466,0.999941520864038
4.347013158125026,0.9999999998609379,0.9999953002179989,0.9997559815803571,0.9982256824107894,0.9999991313972733,0.9998537212105024,0.9985838765576904,0.9999890031481194,0.9994683705530274,0.9999667351078152
4.552935074866948,0.9999999999406922,0.9999975040864131,0.9998547245097968,0.9988644810693578,0.9999995574334812,0.9999143184701029,0.999101379328775,0.9999940246140834,0.9996745779394602,0.9999813485886209
4.768611697714469,0.999999999975075,0.9999986934578958,0.9999147199467171,0.999283193219628,0.9999997777367612,0.9999505147955687,0.9994375325793968,0.9999967989974328,0.9998035363320821,0.9999896882280137
4.99450511585514,0.9999999999896739,0.9999993256106486,0.9999506223349032,0.9995535360852643,0.9999998899375955,0.9999718104977262,0.9996526281049292,0.9999983088900887,0.9998829835250624,0.9999943767487522
5.2310993080562636,0.9999999999957816,0.9999996566604297,0.9999717924158903,0.9997255510927902,0.9999999462443349,0.9999841566648042,0.9997882704215123,0.9999991186504718,0.9999312210037529,0.9999969745304681
5.478901179593945,0.9999999999983002,0.9999998275443004,0.9999840976754735,0.9998334573393743,0.9999999740977612,0.9999912126246513,0.9998726042775837,0.9999995467658094,0.999960096878636,0.9999983936097899
5.738441648302393,0.9999999999993242,0.9999999145188775,0.9999911507566708,0.9999002159062481,0.999999987683821,0.9999951892174436,0.9999243172930015,0.9999997699684955,0.9999771448868501,0.9999991581221729
6.010276782070382,0.9999999999997349,0.9999999581798397,0.9999951383935191,0.9999409610674929,0.9999999942200557,0.9999973998828177,0.9999556007429591,0.9999998847554942,0.9999870742629002,0.9999995644277309
6.294988990221888,0.9999999999998973,0.9999999798026262,0.9999973627792623,0.9999655003488954,0.9999999973223683,0.9999986124293834,0.9999742753785592,0.99999994299838,0.9999927809347199,0.9999997774917674
6.593188271333548,0.9999999999999608,0.9999999903693089,0.9999985872667468,0.9999800869737366,0.9999999987753361,0.9999992687669171,0.999985278117963,0.9999999721616608,0.9999960179341812,0.999999887757329
6.905513520162331,0.9999999999999852,0.9999999954655652,0.9999992525787502,0.999988646112,0.9999999994469408,0.9999996194257248,0.9999916774435662,0.9999999865743768,0.9999978304129976,0.9999999440836957
7.2326338964835335,0.9999999999999944,0.9999999978916951,0.9999996094300567,0.999993604602646,0.9999999997533641,0.9999998043669502,0.9999953520679993,0.9999999936056189,0.9999988323336464,0.9999999724879819
7.575250258771913,0.999999999999998,0.9999999990318951,0.9999997984002658,0.999996440980091,0.9999999998913811,0.9999999006669451,0.9999974355362331,0.9999999969920772,0.9999993791894611,0.9999999866297812
7.934096665797492,0.9999999999999992,0.9999999995609457,0.9999998972071983,0.9999980431739891,0.999999999952756,0.9999999501783647,0.9999986020681392,0.9999999986024595,0.9999996739244421,0.999999993581851
8.309941949353396,0.9999999999999998,0.9999999998033274,0.9999999482231007,0.9999989369655297,0.9999999999797043,0.9999999753149609,0.999999247091035,0.9999999993586245,0.999999830795452,0.9999999969566291
8.703591361485167,0.9999999999999999,0.9999999999129803,0.9999999742353138,0.999999429406926,0.9999999999913882,0.9999999879175132,0.9999995993393787,0.999999999709245,0.999999913253393,0.99999999857443
9.115888299750829,1.0,0.9999999999619675,0.9999999873339659,0.9999996973802738,0.9999999999963906,0.9999999941575209,0.9999997893331392,0.9999999998697967,0.9999999560611564,0.9999999993403366
9.547716114208056,1.0,0.9999999999835802,0.9999999938483429,0.9999998414140905,0.9999999999985056,0.9999999972089656,0.9999998905523853,0.9999999999424021,0.9999999780109304,0.9999999996984458
10.0,1.0,0.9999999999929973,0.999999997048209,0.999999917883288,0.9999999999993889,0.9999999986827536,0.9999999438163445,0.9999999999748296,0.9999999891274464,0.9999999998638166
